category,book_name,book_explain,author,publisher,publish_date,price,rate,book_imgurl,keywords,book_type,info_text,num_of_page,topic,probability
분노,기분이 태도가 되지 말자,감정조절이 필요한 당신을 위한 책,김수현 저자(글),하이스트,2022년 11월 25일,"14,400원",9.36,https://contents.kyobobook.co.kr/sih/fit-in/200x0/pdt/9791197647666.jpg,조절 미래 말버릇 콩깍지 기복 윤택,시/에세이,"기분을 다스려야 '나'를 다스릴 수 있다!. 부정적인 감정으로 부터 스스로를 보호하고 긍정적인 감정을 끌어올려 평온한 심리 상태를 유지하는 비결! 인생을 결정하는 건 바로 하루의 기분이다. 그날의 기분이 하루의 성과를 결정하고,하루의 성과들이 모여 미래를 만들고그 미래들이 곧 내 인생이 되기 때문이다. 감정을 조절하면 미래가 바뀐다.인생을 결정하는 건 바로 하루의 기분이다. 그날의 기분이 하루의 성과를 결정하고, 하루의 성과들이 모여 미래를 만들고 그 미래들이 곧 내 인생이 되기 때문이다. 감정을 조절하면 미래가 바뀐다. 이 책을 통해 자신의 감정을 현명하게 통제하는 방법을 배우고 인생을 바꾸는 계기가 되기를 바란다.",216쪽,Topic #2,0.7876414776739065
분노,매우 예민한 사람들을 위한 상담소,뇌과학과 정신의학을 통해 예민함을 나만의 능력으로,전홍진 저자(글),한겨레출판사,2023년 06월 30일,"18,000원",9.54,https://contents.kyobobook.co.kr/sih/fit-in/200x0/pdt/9791160405231.jpg,우울 치매 뇌과학 트라우마 정신 의학 무기력증,인문,"“예민함은 특별한 능력입니다”‘매우 예민함’이라는 화두로 수십 만 독자를 사로잡은 정신의학 전문의 전홍진 교수의 3년만의 신작!. 첫 책 《매우 예민한 사람들을 위한 책》으로 4대 서점 베스트셀러 종합 1위에 오르며 수십 만 독자의 사랑을 받았던 전홍진 교수. 많은 독자의 성원에 힘입어 3년 만에 두 번째 책 《매우 예민한 사람들을 위한 상담소》를 출간했다. 이 책은 〈한겨레〉에 3년간 연재한 ‘예민과 둔감 사이’라는 상담 칼럼을 바탕으로 최근의 연구 성과들까지 담아낸 매우 예민한 사람들을 위한 ‘실전 편’이다. 전작에서 매우 예민한 사람들의 특징과 예민성을 잘 극복한 사람들을 소개하는 데 집중했다면, 이번 책에서는 예민함에 관한 뇌과학과 정신의학적인 근거를 좀 더 세밀하게 더하고, ‘예민함을 나만의 능력으로 바꿔보는’ 실천법에 방점을 두었다. 또한 불안편, 우울편, 분노편, 트라우마편으로 나누어 41가지 상담 사례를 살펴보며 예민함과 얽힌 여러 감정들의 원인을 깊이 있게 분석한다.  ‘타인과 눈을 못 마주치고 깜짝깜짝 잘 놀라는 여성’ ‘치매가 아니라는 치매 남편과 치매라는 우울증 아내’ ‘10만분의 1의 확률도 미리 걱정하는 사람’ ‘다른 사람에게 좋은 평가를 받고자 살아온 남성의 위기’ ‘가족의 갑작스러운 죽음 이후 찾아온 무기력증’ 등 다양한 연령대별 심리 문제들을 키워드를 통해 들여다보고 전문의로서 진단과 해결책을 상세히 들려준다. 또한 자신의 예민함의 정도가 궁금한 독자들을 위해 ‘나는 매우 예민한 사람일까’ 알아보는 자가진단법도 수록했다.",424쪽,Topic #2,0.8561391954926063
분노,프랑켄슈타인,(세계문학전집  94),"메리 셸리 저자(글), 김선형 번역",문학동네,2012년 06월 18일,"9,900원",9.86,https://contents.kyobobook.co.kr/sih/fit-in/200x0/pdt/9788954618373.jpg,세계고전문학 창조주 피조물 영국고전 공포 소설 복수,소설,"인류의 과학기술에 던지는 프랑켄슈타인의 경고!. 인간이 창조한 괴물의 이야기를 그린 과학소설의 고전 『프랑켄슈타인』. 19세기의 천재 여성 작가 메리 셸리가 열아홉 살의 나이에 펴낸 작품으로, 영화와 연극, 만화, 드라마 등 다양한 장르에서 재생산된 유명한 공포소설이다. 과학기술이 야기하는 사회적, 윤리적 문제를 다룬 최초의 소설이라 할 수 있다. 무생물에 생명을 부여할 수 있는 방법을 찾아낸 물리학자 빅토르 프랑켄슈타인. 그는 시체로 만든 괴물에 생명을 불어넣지만, 자신이 만든 피조물의 괴기스러운 형상에 경악해 도피해버린다. 무방비 상태로 세상에 나타난 괴물은 추악한 자신을 만든 창조주에 대한 증오심으로 복수를 꾀하는데…. 작가는 여러 겹의 액자 형식과 다양한 구성으로 깊이 있는 서사 구조를 선보였다. 이번 한국어판은 1818년 초판을 번역 대본으로 삼았다.",317쪽,Topic #1,0.8322375228074231
분노,선생 박주정과 707명의 아이들,분노는 내려놓고 사랑을 취하라,박주정 저자(글),김영사,2023년 08월 15일,"16,020원",10.0,https://contents.kyobobook.co.kr/sih/fit-in/200x0/pdt/9788934954330.jpg,교단 이해인 폐허 마음속 상처 학교 출연자,시/에세이,"“여덟 명의 아이들이 그 밤 집으로 찾아왔다. 우리는 그렇게 가족이 되었다.”교사 생활 30년, 선생 박주정의 무모한 사랑과 따뜻한 용기에 대한 이야기★★CBS 유튜브 〈세바시〉 〈새롭게 하소서〉 조회수 170만 회, 눈물과 화제의 출연자★★“박주정 선생님이 지난 수십 년간 ‘당연한 의무인 양’ 실행해온 헌신적인 일들은 읽는 이에게 감동을 넘어 부끄러움을 느끼게 합니다. 지금 여기 나부터 늦지 않게 마음을 내어 무언가 좋은 일을 시작하고 싶게 만드는 책입니다.”   -이해인(수녀, 시인) 추천학교폭력으로 아버지를 잃었다. 피를 팔아야 할 만큼 힘든 가난과 ‘아버지를 죽게 만든 아이’라는 마음속 상처를 품은 채 교단에 선 선생 박주정. 젊은 신참 교사였던 그의 열 평 작은 아파트에 어느 날 밤 문제학생 여덟 명이 찾아오면서 기적 같은 이야기가 시작된다. 학교와 가정에서 소외된 여덟 명의 아이들이 10년 동안 707명의 아이들로 늘어나고, 그들을 보듬으며 아이들의 삶뿐만 아니라 선생 박주정의 품도 강물처럼 깊고 넓고 풍성해졌다. 《선생 박주정과 707명의 아이들》에는 교육 일선에 선 교사로서 그리고 교육 행정가로서 30년간 위기의 아이들 곁을 지키며, 때로는 안타까움에 가슴을 치고 때로는 감격에 겨워 행복해하는 저자와 아이들의 대가를 바라지 않는 사랑 이야기가 빼곡하다.    눈물, 분노, 외로움 같은 것으로 무너져 폐허가 된 아이들. 선생 박주정의 교육은 그들의 마음을 돌보는 일에서 출발한다. 삶을 먼저 챙겨 앎의 길로 안내하는 방식이다. 마음의 폐허가 삶터로 바뀌면 아이들의 꿈이 기적처럼 자라난다. 아이들의 기적 앞에서 박주정은 많이 울었다. 이 책은 그 울음의 얼룩이다.여덟 명이 707명이 되기까지 그들 곁에서 희망의 울타리가 되어주고, 국내 최초로 학교부적응 학생을 위한 학교를 만들고, 국내 최초로 학교안전사고 24시간 신속 대응팀 ‘부르미’를 창설하기까지. 이 책은 콩나물에 물을 주듯 관심과 기다림으로 학생들을 아끼고 보살펴온 울보 선생 박주정의 교단일지이자, 아픈 손가락 같은 아이들과 좀 더 나은 교육을 위해 매진해온 인간 박주정의 성장일지이다.",336쪽,Topic #3,0.7550886493015871
분노,적정한 삶,불안한 시대를 살아가는 우리에게 건네는 인지심리학의 위로와 통찰,김경일 저자(글),진성북스,2021년 03월 30일,"15,300원",9.65,https://contents.kyobobook.co.kr/sih/fit-in/200x0/pdt/9788997743520.jpg,심리학자 만족감 경험 낙관 소시 고정관념,인문,우울과 분노가 익숙한 시대앞으로 우리는 어떤 삶을 추구해야 하는가. 2020년을 강타한 코로나 팬데믹은 우리의 삶 전반을 전혀 다른 모습으로 바꾸어놓았다. 예측할 수 없는 미증유의 사태 속에서 인류는 혼란과 실패를 경험하고 있다. 동시에 기존의 사회적 문제를 다시 한 번 깨닫고 변화를 꾀하기도 한다. 어쩌면 현대인들이 처음 접한 강제적 고독의 시간. 역설적으로 더 나은 삶을 고민하는 기회가 되기도 하였다. 우리의 삶은 앞으로 어떤 방향으로 나아가게 될까? 인지심리학자인 저자는 이번 팬데믹 사태를 접하면서 수없이 받아온 질문에 대한 답을 이번 저서를 통해 말하고 있다. 앞으로 인류는 ‘극대화된 삶’에서 ‘적정한 삶’으로 갈 것이라고. 낙관적인 예측이 아닌 엄숙한 선언이다. 행복의 척도가 바뀔 것이며 개인의 개성이 존중되는 시대가 온다. 타인이 이야기하는 ‘want’가 아니라 내가 진짜 좋아하는 ‘like’를 발견하며 만족감이 스마트해지는 사회가 다가온다. 인간의 수명은 길어졌고 적정한 만족감을 느끼지 못하는 인간은 결국 길 잃은 삶을 살게 될 것이라고 말이다.,360쪽,Topic #2,0.8346608950312651
분노,모든 것이 괜찮아지는 기술,"불안, 분노, 스트레스로부터 나를 지키는 심리 기술","데런 브라운 저자(글), 김정희 번역",너를위한,2022년 11월 19일,"15,750원",9.12,https://contents.kyobobook.co.kr/sih/fit-in/200x0/pdt/9791198035509.jpg,니체 에피쿠로스 고대 철학 스트리밍 미라클 스토아,자기계발,"데런 브라운의 〈희생〉 〈푸시〉 〈미라클〉 넷플릭스 절찬 스트리밍 중!세계적인 멘탈리스트 데런 브라운이 알려주는 불행 피하기 연습내 이야기에 저자권을 되찾는 ‘심리 기술’. 심리학을 이용해 타인의 감정과 행동까지 통제할 수 있는 세계적인 멘탈리스트이자 심리 마술사 데런 브라운. 그는 이 책 《모든 것이 괜찮아지는 기술》에서 마르쿠스, 에픽테토스, 세네카 등 시대의 심판을 받은 고대 철학과 끊임없이 검증받은 오늘날의 심리학이 전해주는 삶의 지혜를 마술처럼 하나의 이야기로 펼쳐 보인다. 특히, 불안·분노·스트레스에 휘둘리지 않는 방법으로, 저자권(authorship)을 강조한다. 우리가 삶에서 저작권을 갖고 의식적으로 또 주도적으로 자신의 이야기를 쓰기 시작할 때에야, 온갖 부정적인 감정에서 스스로를 지킬 수 있으며 삶의 주인이 되어 진짜 행복을 얻을 수 있다.",336쪽,Topic #2,0.8363844858190644
분노,분노를 다스리는 인지행동 워크북,성공을 위한 단계별 프로그램,"윌리엄 J. 너스 저자(글), EDD 저자(글), 심호규 번역, 유은정 번역, 장성화 번역, 장창민 번역, 최대헌 번역",북스타,2022년 03월 30일,"17,100원",10.0,https://contents.kyobobook.co.kr/sih/fit-in/200x0/pdt/9791188768516.jpg,프레임워크 의제 설정 시튼 심리학 교수 임상 심리학자 인간 경험,인문,코로나 이후 혐오와 분노의 시대를 살아남기 위한 워크북분노의 감정 조절이 힘든 당신을 다정함으로 이끈다. 지금까지 분노에 관한 책은 수천 종이 발간되었습니다. 이러한 책들은 분노에 대해 조금씩 다른 견해를 가지고 있습니다. 예를 들면 “분노를 표현하라 또는 표현하지 마라. 분노를 이해하라 또는 잊어버려라. 그것에 대해 명상을 하거나 베개를 매우 쳐라. 받아들이거나 그것에 대해 설명해 버려라. 화내는 습관을 없애거나 그 분노를 걷어차라. 무언가를 던지거나 심호흡하라. 자신의 감정을 외치거나 조용히 있으라” 등의 내용을 담고 있습니다.,232쪽,Topic #3,0.7735375234506187
분노,악인론,닥치고 성공해 누구에게도 지배받지 않는 삶,손수현 저자(글),다산북스,2023년 02월 20일,"16,650원",8.88,https://contents.kyobobook.co.kr/sih/fit-in/200x0/pdt/9791130697499.jpg,스피킹 인트 미라클 피터슨 감사 일기 메타,자기계발,"“내 인생에서 가장 큰 영향과 영감을 준 사람!나는 손수현을 보며, 책을 읽고 글을 쓰면 인간이 변할 수 있다는 사실을 깨달았다.”_ 라이프해커 자청(『역행자』 저자)하루 14알 정신과 약 먹으며자본주의에서 상위 0.1%가 된 악인의 쿠데타!. 대체 이 책의 저자가 누구이길래 자청이 이토록 절정의 찬사를 보내는 것일까? ‘하루 14알 정신과 약’을 먹는 정신질환자, 이와 동시에 지난 8년간 7000명이 넘는 내담자의 고민을 들어준 ‘시간당 90만 원’을 받는 심리 상담가. 월급 120만 원의 말단직원으로 입사했지만 3년 만에 월 3500만 원을 버는 사업체의 대표가 된 30대의 청년. 그는 대체 어떻게 여러 핸디캡에도 불구하고 이토록 빠른 속도로 정상에 올라 경제적 자유를 얻게 되었을까? 저자 손수현은 이 책 『악인론』에서 성공의 원동력은 감사와 긍정의 힘이 아니라, 분노와 열등감에 있다고 거침없이 말한다.이 책은 ‘착한 사람 콤플렉스’에 중독되어 하루하루를 그저 감사하기만 하며 살던 한 남자가 감사일기가 아닌 분노일기를 적기 시작하며 변화된 삶을 담은 책이다. 그가 분노일기를 적으며 찾은 답은, 위로와 긍정이 아닌 오직 성공하고자 하는 내면의 욕망에 귀를 기울이는 삶의 태도였다. 애써 외면해온 속물주의를 정면으로 바라보자 그를 둘러싼 세계는 뒤집어졌다. 그동안 감추기에 급급했던 열등감과 분노의 에너지는 순식간에 어마어마한 성장의 에너지로 불타올랐고, 불과 3년 만에 매달 3500만 원의 소득을 버는 대표의 삶으로 그를 이끌었다.",424쪽,Topic #3,0.8385093990763605
분노,감정사용설명서(10주년 기념 양장 한정 에디션),부정적 감정을 다스리는 치유의 심리학,"롤프 메르클레 저자(글), 도리스 볼프 저자(글), 유영미 번역",생각의날개,2020년 03월 07일,"13,950원",9.52,https://contents.kyobobook.co.kr/sih/fit-in/200x0/pdt/9791185428529.jpg,사랑 제책 리뉴 관계 고급 두려움,인문,마음대로 되지 않는 감정 때문에 힘들어 하는 사람들을 치유해 온 스테디셀러 『감정사용설명서』가 양장 한정판 스페셜 에디션으로 찾아왔다. 2010년 출간 이래 10년 동안 심리실용 분야에서 꾸준한 사랑을 받으며 실용적인 해법을 제시해온 터라 한정판 출간이 더욱 반갑게 느껴진다. 고급스러운 양장 제책과 본문 디자인 리뉴얼로 한껏 고급스러워진 이번 에디션은 30만 부 판매와 출간 10주년을 기념하는 한정판이다. 또한 이번 에디션은 자신의 감정을 다스리기 어려워하는 청소년들과 삶에 절망하고 힘들어하는 모든 사람들에게 선물하기에 좋은 책이 될 것이다.,244쪽,Topic #1,0.7512988445193085
분노,분노의 놀라운 목적,마셜 로젠버그의 Q&A 세션 (비폭력대화(NVC) 작은책 시리즈  5),"마셜 B. 로젠버그 저자(글), 정진욱 번역",한국NVC출판사,2017년 08월 21일,"7,200원",10.0,https://contents.kyobobook.co.kr/sih/fit-in/200x0/pdt/9791185121130.jpg,폭력 대화 주먹다짐 자제심 이의 단계 프로세스 말다툼,인문,"분노가 찾아올 때 우리는 그것을 느낀다. 얼굴이 벌게지고 시야가 좁아진다. 온갖 판단들이 마음을 휘저어 심장 박동이 빨라진다. 마침내 분노가 폭발하고, 우리는 상황을 더 악화시킬 말이나 행동을 한다. 화가 화를 부르고 말다툼이 주먹다짐으로 이어진다. 우리 사회에 널리 퍼진 증오나 혐오도 그 뿌리는 분노이기 마련이다. 분노가 안 좋은 결과를 낳을 때가 많다 보니, 사람들은 분노를 억눌러야 할 것, 부정해야 할 것으로 여긴다. 자제심 부족, 성숙하지 못한 인격의 증표라고 본다. 『분노의 놀라운 목적』의 저자 마셜 로젠버그는 분노를 억눌러야 한다는 통념에 이의를 제기한다. 분노는 우리 욕구가 충족되지 못하고 있음을 알리는 경보이고, 따라서 내면의 소중한 것들에 연결되도록 우리를 이끄는 선물이라는 것이다.",80쪽,Topic #1,0.7980083403148014
분노,나를 다 안다는 착각,무의식은 어떻게 나를 뒤흔드는가,"카렌 호나이 저자(글), 서나연 번역",페이지2북스,2023년 02월 15일,"15,300원",9.7,https://contents.kyobobook.co.kr/sih/fit-in/200x0/pdt/9791169850131.jpg,신경증 프로이트 스택 분석가 분석 과정 설리번,인문,"“호나이 박사는 프로이트의 이론을 확장시켰다”〈타임〉“나도 모르던 내 상처를 발견하고스스로 치유하는 심리 탐구의 여정”프로이트의 한계를 극복하고 여성 심리학 분야를 개척한 카렌 호나이고통에 신음하는 무의식을 의식의 영역으로 끌어낸 자기 분석법을 말하다!. 『나를 다 안다는 착각』(원제 Self-Analysis)의 저자 카렌 호나이는 20세기 초에 활동했던 정신의학자로 ‘사회심리학’의 장을 연 에리히 프롬, ‘개인심리학’의 창시자 알프레트 아들러, ‘대인관계이론’을 발전시킨 해리 스택 설리번과 어깨를 나란히 하며 기존 프로이트 정신분석의 한계를 깨고 현대 정신의학의 기틀을 닦은 인물로 유명하다. 호나이는 사람이 두려움, 무력함, 고립감 등의 심리적 고난을 느끼면 그러한 삶을 견디기 위해 개인의 특성에 따라 무의식적으로 욕망을 추구하게 되는데, 이것을 ‘신경증적 경향’이라 이름 붙였다. 『나를 다 안다는 착각』에서는 신경증적 경향의 패턴과 어떤 사람이 자신의 심리적 문제를 혼자 해결하려고 할 때(자기 분석) 정신분석 기법을 얼마나 활용할 수 있을지 사례를 통해 가능성을 알아보고, 정신분석의 기본 단계를 살펴본다. 그리고 정신분석 과정에서 환자와 분석가가 해야 하는 것, 체계적인 자기 분석을 진행하는 방법, 현실적으로 자기 분석을 했을 때 어떤 효과를 볼 수 있는지까지 담았다. 이 책은 개인의 무의식에서 일어나는 심리적 고통을 의식 위로 끌어올려 해결함으로써, 이전보다 더 나은 삶으로의 방향성을 찾고 삶의 의지를 발현하고 강화하도록 도와줄 것이다.",328쪽,Topic #2,0.8405330359878443
분노,기분이 습관이 되지 않게,감정을 다스려야 원하는 인생을 살 수 있다,한창욱 저자(글),다연,2023년 10월 10일,"16,650원",0.0,https://contents.kyobobook.co.kr/sih/fit-in/200x0/pdt/9791192556147.jpg,인생 불안 분노 돈 걱정 부원 적막,자기계발,"감정을 다스려야 원하는 인생을 살 수 있다. 기술과 정보의 발달로 인해서 정치, 경제, 사회 등 여러 분야에서 빠르게 변화가 이루어지고 있다. 그렇다면 나의 미래는 어떻게 펼쳐질까?  과학 기술의 발전은 삶에 편리를 가져다주었다. 문제는 그 속도를 교육이나 행정이 쫓아가지 못하는 데 있다. 세상은 쉼 없이 변화하며 시간의 강물 위를 흘러간다. 계절이 바뀌면 옷을 갈아입듯이 자연스럽게 변화를 받아들여야 한다. 변화를 두려워하면 할수록 세상살이가 힘들고 고달파진다.   인간은 예측 불가능한 상황에 놓였을 때 불안을 느낀다. 기분을 다스릴 줄 알아야 상대방에게 안정감을 줘서 신뢰를 얻을 수 있고, 자신이 원하는 수준 높은 인생을 살아갈 수 있다.",282쪽,Topic #3,0.7918471378696547
분노,심리학이 분노에 답하다,분노라는 가면을 쓴 진짜 감정 6가지,"충페이충 저자(글), 권소현 번역",미디어숲,2022년 09월 30일,"16,020원",9.5,https://contents.kyobobook.co.kr/sih/fit-in/200x0/pdt/9791158741648.jpg,감정 무력감 담사 마인드컨트롤 분석표 분출,자기계발,"“분노 메커니즘을 이해하면 삶의 에너지가 된다!”익숙하고도 낯선 감정,분노를 직시하고, 이해하고, 전환하라. 우리는 매일 이런저런 이유로 화를 낸다. 그래서 익숙한 듯하지만, 한편으론 분노의 이면에 무엇이 있는지 깊이 생각하지 않아 낯선 감정이기도 하다. 분노는 겉으로 드러난 현상일 뿐, 분노 뒤에는 억울함, 기대, 심판, 무력감, 두려움, 사랑 등이 존재한다. 10여 년간 심리상담사로 활동해 온 저자는 수많은 내담자를 만났다. 그들은 배우자, 부모, 자녀, 상사, 동료, 낯선 사람에게 분노한다고 했다. 그런데 화를 내거나 꾹 참는 것 외에 다른 방식을 몰랐다. 저자는 우리가 분노에 잘 대처하지 못하는 이유로 분노의 본질에 대한 이해 부족이라고 단언한다. 분노는 나쁜 일이 아니다. 우리에게 필요한 것은 분노를 억누르거나 충동적으로 분출하는 것이 아니라 자신의 분노를 이해하는 것이다. 이해야말로 변화를 이끄는 최고의 길이기 때문이다. 분노하는 이유와 그 이면에 충족되지 못한 감정을 이해하다 보면 분노는 삶의 에너지로 전환될 수 있다. 분노는 사랑에 대한 호소이고 관계에 대한 갈망이며 힘찬 생명력의 분출이다. 내 안의 분노를 이해하면 화가 나는 횟수가 줄어들고, 화가 날 때 내면의 진짜 감정을 들여다보고 이를 충족시킬 합리적인 방안을 찾아낼 수 있다. 또 분노의 에너지를 이용해 삶을 살아갈 힘을 얻을 수 있다. 저자는 자신이 10여 년간 상담한 수많은 실제 사례를 소개하면서 독자가 분노라는 감정의 본질을 깊이 이해하고 에너지로 전환할 수 있도록 돕는다. 자기 안의 분노를 탐구할 수 있는 ‘분노 분석표’도 부록으로 실려 있다. 자신의 내면을 이해하면 분노는 더 이상 불편한 감정이 아니다. 튼튼하게 구축한 정서적 방파제 안에서 마음껏 분노의 자유를 누릴 수 있다..  ▶ 『심리학이 분노에 답하다』 북트레일러* ",288쪽,Topic #3,0.817722227352472
분노,생각의 각도,멈추고 향유하는 웰라이프 심리학,이민규 저자(글),끌리는책,2021년 03월 12일,"14,220원",9.38,https://contents.kyobobook.co.kr/sih/fit-in/200x0/pdt/9791187059653.jpg,행복 향유 고속도로 불안 성경 분노,자기계발,"잠시 멈추고 1도만 다르게. 지난 20여 년간 ‘성공적이고 행복한 삶을 살기 위해서는 1%만 바꾸면 된다’며 수많은 독자의 꿈을 찾아주고 행동을 변화시킨 심리학자 이민규 교수가 ‘생각의 각도를 1도만 바꾸면 진정으로 인생을 향유할 수 있다’는 메시지를 담아 독자에게 이야기를 건넨다.저자는 결혼할 사람이 생겼다는 딸의 말을 들은 후 딸에게 해주고 싶은 이야기를 메모하기 시작했다. 이야기가 하나하나 쌓이면서 고민이 시작되었다. ‘이 많은 이야기를 언제 다 해준단 말인가?’ 그래서 필요할 때 언제든 펼쳐 읽을 수 있도록 책으로 엮기로 했다. 그리고 딸뿐 아니라, 아들과 며느리, 누군가의 자식이며 배우자이고 부모가 될 사람들과 그동안 애정을 가지고 자신의 책을 읽어준 독자들, 또한 세상을 살아가는 일이 어렵고 힘들기만 하다고 느끼는 사람들에게 어제보다는 오늘이, 오늘보다는 내일이 조금 더 나은 삶이 될 수 있도록 다양한 이야기를 담았다. 이 책에는 많은 사람이 이미 알고 있는 동서고금의 우화와 실화에 저자의 상담 경험과 심리학 이론, 심리 실험이 잘 녹아 있어 쉽게 공감하고 오래 여운이 남도록 정리되어 있다. ‘생각을 바꾸면 행동이 달라지고, 행동이 바뀌면 인생이 달라진다’는 메시지는 모든 저서에 일관되게 흐르고 있는 전제이다. 특히 이 책에서는 감정과 행동을 지배하고 조정하는 ‘생각의 각도’에 주목했다. 어떤 사람은 열등하면서도 열등감을 느끼지 않고, 어떤 사람은 열등하지 않으면서도 열등감을 느낀다. 99개를 가지고 있으면서도 한 개가 부족하다고 늘 불만인 사람이 있고, 한 개만 갖고도 감사하는 마음으로 살아가는 사람이 있다. 사람들은 왜 비슷한 상황에서도 다르게 느끼고, 다르게 행동하면서 다른 인생을 살아갈까? 생각의 각도가 다르기 때문이다. 그러므로 인생을 바꾸고 싶다면 생각의 각도를 바꿔야 한다.생각의 각도에 따라 실패한 자기 자신을 무가치하게 여길 수도 있고 도전정신을 칭찬하면서 따뜻하게 격려해줄 수도 있다. 마음에 들지 않는 사람을 대할 때 짜증을 낼 수도 있고 ‘사연이 있겠지’ 하면서 너그러운 태도를 보일 수도 있다. 해야 하는 일을 어쩔 수 없이 해야 하는 노동으로 여길 수도 있고 숨은 의미를 찾아내면서 놀이처럼 즐길 수도 있다. 이 책은 자기 자신을 사랑하고, 만나는 사람들과 좋은 관계를 유지하면서 삶을 보다 행복하게 향유할 수 있는 이야기들로 구성했다. 저자는 ‘더 나은 삶을 살고 싶다면 무엇보다 먼저 자신의 생각을 유심히 살펴보는 연습을 하면 자극에 휘둘리지 않고 자신의 반응을 다스릴 수 있다’고 알려준다.",295쪽,Topic #3,0.8363444844234652
분노,"톡톡CBPT 분노, 우울 섬 탈출 게임",No book_explain exists,"한국인지행동치료상담학회 저자(글), 명지대학교 인지행동치료연구소 저자(글)",인싸이트,2023년 08월 09일,"45,000원",0.0,https://contents.kyobobook.co.kr/sih/fit-in/200x0/pdt/8809507023879.jpg,보드 케이스 안내문 주사위 지침서 특수,인문,"‘톡톡CBPT 분노, 우울 섬 탈출 게임’은 분노 상황에 대한 대처 행동들을 훈련할 수 있으며, 우울 증상을 이해하고 완화할 수 있는 연습 기회를 제공하는 도구입니다.구성분노의 섬 탈출카드 120장, 우울의 섬 탈출 카드 120장, 특수카드 20장, 카드 케이스 1개, 분노의 섬 탈출 보드판 1개, 우울의 섬 탈출 보드판 1개, 주사위 1개, 게임말 4개, 활용 지침서 1부, 안내문 1장, 대케이스(235*172*70mm)",260쪽,Topic #3,0.7604139090426554
분노,열정에 대하여,"분노, 공포, 애도, 수치 … 감정의 지리학","필립 피셔 저자(글), 백준걸 번역",앨피,2023년 10월 10일,"18,000원",0.0,https://contents.kyobobook.co.kr/sih/fit-in/200x0/pdt/9791192647203.jpg,철학 분노 공포 고딕 소설 연민 스토아학파,인문,"문학과 인간 내면에 대한 독창적인 고찰. 열정이란 무엇이고 어떤 작용을 하는가?서양 지성사에서 가장 오랫동안 이어진 복잡하고 필수적인 문제인 열정의 의미와 작용을 본격 고찰한 책. 미국문학계의 거목으로 하버드대학 영문과 펠리체 크라울 리드 석좌교수인 저자는 철학과 문학, 미학의 교차점에서 인간의 근원적인 감정에 관한 세밀한 지리학을 구축한다. 저자는 말한다. “강한 감정이나 열정은 어떤 인지 가능한 세계를 만들고, 이 세계는 열정적인 또는 격렬한 상태를 경험하는 순간에만 나타나는 구분선으로 만들어진다.” 그래서 이 책이 다루는 열정은 크게 분노/공포/애도/수치의 네 가지 범주로 구획된다. 슬픔과 기쁨, 놀라움과 동요, 굴욕과 실망, 감격과 기대, 불안과 당황, 안타까움과 우울 등 우리가 일상에서 느끼는 다양한 감정들은 이 네 범주에 귀속되거나, 엄밀히 말해 이 책이 말하는 ‘열정’이 아니다. 열정은 우리 경험의 유일무이한 단독성이기 때문이다. 열정은 사회도 망각하고 미래도 망각하는 철저한 몰입 상태이기 때문이다.문학의 관점에서 철학을 비판하다저자의 가장 중요한 저작으로 꼽히는 이 책에서, 피셔는 아리스토텔레스ㆍ스토아학파 등 서양 고대철학과 흄ㆍ스피노자ㆍ칸트 등 서양 근세철학은 물론이고 키르케고르와 하이데거, 현대 합리적 선택이론과 법률 사상 등을 두루 섭렵하며 호메로스의 《일리아드》, 셰익스피어의 《리어왕》과 《로미오와 줄리엣》, 멜빌의 《모비 딕》을 새롭고 흥미진진하게 해석한다. 이 책이 다른 문학 이론서와 다른 것은, 철학으로 문학을 읽는다기보다는 문학의 관점에서 철학을 비판한다는 점이다. 피셔에 따르면, 분노ㆍ공포ㆍ애도ㆍ수치 등 격렬한 열정은 수천 년 동안 서양철학이 지속적으로 다스리고 억누르려고 했던, 인간의 불완전성을 드러내는 불순하고 불필요한 감정들이 아니라 오히려 인간에게는 없어서는 안 될, 인간을 인간답게 만드는, 인간적인 너무나 인간적인 감정들이다. 철학이 열정을 다스리려다 실패했다면, 문학은 오히려 이 열정의 분출과 폭발을 표현하려 했다. 왜 그런가? 열정 없는 문학, 열정 없는 삶이란문학은 경험을 표현하는 방식이며, 열정을 경유하지 않고는 경험을 표상할 수 없기 때문이다. 다시 말해, 열정이 없다면 문학은 존재할 수 없다. 격정에 빠진 인물들이 없었다면, 모욕에 분노하고 상실을 애도하는 아킬레우스와 리어왕, 격렬한 사랑에 빠진 로미오와 줄리엣, 살인적인 질투에 사로잡힌 오셀로, 모비 딕에게 다리를 잃고 분노하는 에이햅이 없었다면, 세계문학의 고전들을 상상이나 할 수 있었을까? 공포와 연민이라는 격정의 상태 없이 그리스 비극을 생각할 수 있을까? 때로는 특정한 열정을 기반으로 문학 장르 전체가 결정되기도 한다. 슬픔은 비가elegy를, 공포는 고딕소설을, 동정과 연민은 감상소설을 낳았다.이 책을 읽다 보면 어느 순간 나도 모르게 고개를 끄덕이는 자신을 발견하게 된다. 아리스토텔레스가 말한 노예 아닌 ‘자유인’, 피셔가 말한 ‘공유된 공포’에 기반한 연민을 느끼는 인간이라면 이 책을 읽으며 몇 번이고 분노와 공포, 애도와 수치 … 이른바 열정을 경험할 것이기 때문이다.",416쪽,Topic #3,0.8100803685659528
분노,국선변호인이 만난 사람들,사건 너머 마주한 삶과 세상,몬스테라 저자(글),샘터(샘터사),2023년 02월 27일,"15,300원",9.94,https://contents.kyobobook.co.kr/sih/fit-in/200x0/pdt/9788946422346.jpg,안전망 재심 선임 박준영 증인 신문 접견,시/에세이,"“나에게 배당되는 것은 ‘사건’이지만 내가 마주하는 건 결국 ‘사람’이다.”기울어진 법의 저울을 바로잡는 국선변호인의 삶이 우리에게 말하는 것“좋은 삶이란 우리 사회의 모순과 아픔을 외면하지 않고 연대하는 것이라고 생각합니다. 이 책을 통해 ‘좋은 삶’을 꿈꾸는 사람이 많아지기를 바랍니다.”_재심 전문 변호사 박준영 추천글. 국선변호인이 사건 너머 마주한 사람 혹은 삶, 결국 세상 이야기“변호사님, 딸이 분홍색 가방을 받아서 기뻐했다고 서신이 왔습니다. 정말 감사드립니다.” 구속된 피고인을 대신해 그 딸의 입학 선물로 가방을 고르며 딸이 있는 엄마의 기분을 느껴볼 수 있어서 행복했다고 말하는 변호사. “김성권 씨, 저는 오늘도 술을 마시지 않았습니다.” 자신의 금주 소식을 피고인에게 매일같이 편지로 써 보내며 피고인이 술에 의지하는 삶에서 벗어나기를 바라는 변호사. “자, 냄비를 들고 식당 주인에게 휘두른 게 맞으면 1번, 아니면 2번. 손가락으로 표현해 보세요.” 무슨 이유에서인지 입을 꾹 닫은 피고인을 위해 노트에 질문과 객관식 답을 접어 그의 눈앞에 펼쳐 들고 손으로 말해보라고 설득하는 변호사. 모두 이 책의 저자이자 변호사로 18년, 그중 국선전담변호사로 8년째 일하고 있는 필명 몬스테라 변호사다. 국선변호인이란 ‘빈곤 등의 이유로 변호사를 선임할 수 없는 형사 피고인을 위하여 법원이 선임하여 붙이는 변호인’이다. 그리고 ‘국선전담변호사’는 오로지 국선 사건만 담당하는 변호사로, 소속된 법원과 재판부가 정해져 있고 매달 일정한 개수의 사건을 배당받는다. 그리하여 달의 시작, 저자의 책상 위로 늘 두둑한 사건 기록지가 배달된다. 그 묵직한 서류 더미를 살피는 저자는 어느새 자신 앞에 당도하게 될 피고인들의 형상을 그려본다. 그리고 이내 자신 앞에 마주 앉은 피고인과 그의 사건 기록을 한데 그러쥐며 눈앞으로 다가오는 한 생을 목도한다. 사건 너머 사람이 보이는 순간이다.그 사람들에는 적정한 비율로 후안무치한 사람, 애처로운 사람, 흉악한 사람, 억울한 사람, 이상한 사람이 있다. 그러나 대부분 범죄를 저지른 게 확실한 이 피고인들에 대해 저자는 죄의 경중이나 상대를 가리지 않고 기꺼이 두 팔 벌려 맞이한다. 그리하여 어떤 때는 부둥켜안은 채로 함께 낭떠러지 밑으로 떨어지기도 하고, 어떤 때는 그들이 다시 길을 나설 수 있도록 해진 신발 끈을 단단히 매어주기도 하고, 때로는 그저 등을 토닥인다. 이 책은 수많은 피고인과 함께했던 국선변호인이 겪어온 세상에 대한 이야기다. 그 세상은 분노가 치밀어 올라 부들부들 떨리는 세상이기도, 먹먹함에 눈물짓는 세상이기도, 더없는 무력감에 절망하는 세상이기도, 그럼에도 순간의 웃음과 일말의 희망으로 웃음짓는 세상이기도 하다. 누군가에게는 ‘어머니 같은 변호사님’, 누군가에게는 ‘100억을 줘도 선임할 수 없는 변호사’그 수많은 세상을 동분서주하는 저자는 숱한 드라마나 영화에서 그려지는 변호인들처럼 ‘히어로’ 같은 변호사는 아니다. 직업인으로서 국선변호인이자 누군가의 딸이며 아내이고 엄마이자 동네 이웃이다. 검사처럼 감춰진 진실을 들춰내 정의를 세울 수도 없고, 판사처럼 심판할 수도 없으며 그저 피고인의 법적 조력자로 역할을 충실히 해내지만, 때로는 반성을 모르는 피고인의 뻔뻔한 태도에 참지 못하고 버럭하여 한마디 할 때도 있고, 때로는 법정에서 깊은 슬픔에 끝내 눈물을 참지 못하고 흘릴 때도 있으며, 그 와중에 자신이 사는 아파트 주민 갑질 사건의 해결사로 발 벗고 나서거나 폐암 말기인 아버지의 병간호를 하면서 피고인들의 불안감을 이해하게 되었다고 조용히 고백하기도 한다.그 결과, 누군가에게는 “어머니 같은 변호사님”이고 누군가에게는 “100억을 줘도 선임할 수 없는 변호사”가 되는 저자가 ‘몬스테라’ 변호사인 이유는 몬스테라 식물이 잎이 찢어지고 구멍이 생겨도 결함이 아니라 그 자체로 아름다운 것처럼 사람도 마찬가지이며, 그러나 우리 사회에서 결함으로 간주되어 스스로를 지킬 수 없는 사람들의 옆을 지키고 싶은 마음에서다. 저자는 “우리 모두 남이 대신해 줄 수 없는 자기만의 전쟁을 하고 있거나 하게 될 외로운 존재”이고, 따라서 “우리가 함께 살아가는 데는 타인에 대한 연민이 필요하고 서로에게 관대했으면 좋겠다”며, 이것이 이 책을 쓰게 된 유일한 이유라고 밝혔다. 일명 약촌오거리 살인 사건의 누명 피해자의 재심 판결을 받아낸 것으로 잘 알려진 재심 전문 변호사인 박준영 변호사는 “좋은 삶이란 우리 사회의 모순과 아픔을 외면하지 않고 연대하는 것이라고 생각합니다. 이 책을 통해 ‘좋은 삶’을 꿈꾸는 사람이 많아지기를 바랍니다”라는 문장으로 추천의 글을 마무리했다. 이 책에 담긴, 막다른 길에 다다른 피고인들과 함께해 온 국선변호인의 삶에서 우리가 발견할 수 있는 것은 결국 ‘좋은 삶’에 대한 방향성이다. 모순을 모른 척하지 않고 함께 분노하는 것, 아픔을 회피하지 않고 함께 슬퍼하는 것. 결국 서로를 외면하지 않고 우리 각자의 자리에서 할 수 있는 일을 하며 서로를 지지함으로써 우리 다 함께 더욱 나은 삶으로 가보자는 무언의 제안이다.‘법’과 ‘선의’ 사이를 유영하는 어느 국선변호사의 기쁨과 슬픔“아…… 진짜 왔네. 안 올 줄 알았는데.” 사람이 그립다고 별 이유 없이 다음에 또 접견을 와달라고 부탁했던 피고인을 다시 만나러 갔을 때 울면서 등장한 피고인은 이렇게 말했다. 저자는 등을 돌리고 눈물을 훔치는 어린 남자아이 같았던 피고인의 그 짧은 문장 속에서 “약속을 지키지 않은 수많은 어른”을 발견한다. 그리고 그의 삶을 고단하게 만든 것은 감당할 수 없는 불신이지 않았을까 하고 짐작한다.피고인의 무죄를 입증하기 위해 국민참여재판을 진행하는 내내 심장 수술을 한 피고인을 위해 수시로 함께 화장실을 들락거리며 그의 용변을 위해 직접 변기에 앉혀주고 옷을 입혀주고 부축해 가며 배심원들을 설득하고, 돈이 없어서 옷을 살 수 없는 피고인의 생업을 위해 자신에게 작아진 옷을 주고 싶어서 조심스럽게 제안하기도 한다. 돈이 없는 구속 피고인이 구치소에서 천덕꾸러기 취급을 받을까 봐 사비로 위생용품을 사서 넣어주고, 또 이 세상 누군가는 그를 위하는 사람이 있다는 것을 알아주기를 바라는 마음으로 이가 없어 잘 씹지 못하는 피고인에게 부드러운 초코 과자 ‘몽쉘’을, 태어나서 생일 축하한다는 말을 한 번도 들어본 적 없는 피고인에게 생일 선물을 교도소에 넣어주기도 한다.이 모든 에피소드에서 우리는 헌법에 보장된 법적 조력을 넘어서 ‘선의’의 영역에서 마음껏 유영하는 변호인을 만난다. 이런 저자에게 누군가는 순간의 도움이 무슨 큰 도움이 되겠냐고 의문하지만 저자는 “보이지 않는 사람으로 살아보면 그렇지 않다”라고 단언한다. 어린 시절, 할머니 집에 맡겨진 저자는 머리에 큼지막한 대야를 인 할머니와 함께 순례길 같은 길을 걸어 시장에 도착해 도라지를 파는 할머니 옆에서 시간을 보내곤 했다. 가난이 무엇인지 모르는 어린 나이였지만, 도라지를 다 팔지 못하면 할머니가 다시 무거운 짐을 머리에 앉고 위험한 산길과 흙길을 힘들게 돌아가야 한다는 사실만은 알았다. 저자는 “사람들이 서서 다니는 길에 앉아 밥을 먹어본 사람은 매우 근시안적이고 일시적인 도움도 얼마나 절실한지 안다”라고 썼다.또 저자는 사선변호인일 때와 달리 국선변호인이 되어서야 만날 수 있는 사람들, 즉 빈곤한 사람들과 취약한 사람들과 함께하다 보면 보이지 않던 것이 보인다고 말한다. “어떤 사람들에게는 세상 물정 모르고 무지한 것이 ‘고의’가 된다”는 것을, “끼니를 걱정하면서 교양 있는 생각과 행동을 하기는 쉽지 않다”는 것을, “심한 불운이 계속되면 가지고 있던 영민함도 사라진다”는 것을 말이다. 그리고 “법이 말하는 상식을 가지지 못한 사람도 있다는 사실을 여전히 법이 알지 못하는 것 같다”며 우리 법의 한계성에 대해 한탄하기도 한다. 저자는 단순히 타인에 대한 동정이 아니라 아버지를 잃어가는 딸로서 자신이 겪는 아픔에 비춰 타인의 아픔을, 자신의 아들을 통해 겪은 상황을 통해 타인의 고통을 조금씩 이해한다. 그렇지만 결코 “그들의 범죄를 옹호하는 게 아니라 범죄자가 되어버린 그들을 나는 계속 생각하겠다”고 확언하는 동시에 한 가지 결핍이나 단순한 사고만으로 인생이 막막해질 수 있는 사람들이 존재한다는 것을, 따라서 사회의 안전망을 짜야 하는 이유를 강조한다. 그리고 이것이 비단 타인을 위한 일이 아니라 우리 역시 언젠가 그 안전망을 이용할 수도 있다고 말한다.자신의 순간의 도움이 누군가에게는 시간이 되어 삶을 이룬다는 것을, 그리하여 한 생이 바뀌어갈 수 있음을 믿으며, 이것이 여전히 자신이 국선변호인인 이유라고 말하는 사람. 여전히 변방에 서서 막다른 길에 다다른 사람들을 기다리는 사람. 기울어진 법의 저울을 바로잡는 이 국선변호인이 우리에게 말하는 것은 거창한 담론이 아니다. 우리가 놓쳐버린 사람, 외면했던 삶 그리고 미처 알지 못했던 세상이다.",284쪽,Topic #1,0.8205821063331581
분노,형사의 분노,(나츠메 형사 시리즈  4),"야쿠마루 가쿠 저자(글), 남소현 번역",북플라자,2022년 11월 15일,"14,850원",9.77,https://contents.kyobobook.co.kr/sih/fit-in/200x0/pdt/9791190157810.jpg,,소설,"절망으로 가득 찬 메마른 세상 속 한 줄기 빛과 같은 미스테리 걸작!베스트셀러 1위 《돌이킬 수 없는 약속》야쿠마루 가쿠 신작!. 집 안 여행용 캐리어에서 발견된 노부인의 시신. 시신을 보관하고 있던 사람은 사망자의 딸이었다. 어머니의 죽음을 숨기고자 했던 딸의 진짜 목적은?한밤중 공원 화장실에서 발생한 살인 사건. 살인이 어디까지나 정당방위였다고 주장하는 용의자는 자신이야말로 성범죄 피해자라고 호소하는데….범죄를 저지를 수밖에 없었던 사람들이 안고 있는 충격적인 진실, 그럼에도 불구하고 지워지지 않는 죄의 무게. 현대 사회의 어두운 민낯을 날카롭게 파헤치는 걸작 미스터리 시리즈 최신작",388쪽,Topic #1,0.8148451445981156
분노,분노의 포도 1,(세계문학전집  174),"존 스타인벡 저자(글), 김승욱 번역",민음사,2008년 03월 24일,"11,700원",9.65,https://contents.kyobobook.co.kr/sih/fit-in/200x0/pdt/9788937461743.jpg,세계고전문학 노벨문학상 산업 자본주의 이주 노동자 미국소설 지배 계급,소설,미국을 대표하는 소설가 존 스타인벡의 대표작!. 미국을 대표하는 소설가 존 스타인벡의 작품『분노의 포도』. 대공황 시대 미국의 참혹한 현실을 그린 이 작품으로 존 스타인벡은 퓰리처 상과 노벨 문학상을 수상하며 미국의 대표 작가로 거듭나게 되었다. 정직하게 살아가다 하루 아침에 비참한 이주 노동자로 몰락한 조드 일가를 통해 당시 미국의 현실을 생생하게 포착하였다. 『분노의 포도』는 1차 세계대전이 끝나고 산업자본주의가 대두되던 시기의 미국 농촌을 배경으로 하고 있다. 3대에 걸친 조드 가족은 가뭄과 모래 한파와 지주들의 횡포에 못 이겨 트럭으로 개조한 중고차를 타고 일자리가 있다는 캘리포니아로 떠난다. 하지만 힘들게 도착한 목적지는 지배계급의 노동력 착취가 만연한 또 다른 고통의 땅이었는데...가난에 절망하면서도 끝까지 인간의 존엄성을 지키려 애쓰는 조드 가족의 이야기는 희망의 가능성이 여전히 인간에게 있음을 보여준다. 약속의 땅을 향한 고통스러운 여정을 통해 절망 속에서 발견할 수 있는 인간의 생명력과 희망을 그린 작품이다. (제1권),484쪽,Topic #2,0.8348356280396473
분노,마음의 여섯 얼굴,"우울, 불안, 분노, 중독, 광기, 그리고 사랑에 관하여",김건종 저자(글),에이도스,2022년 06월 06일,"14,400원",10.0,https://contents.kyobobook.co.kr/sih/fit-in/200x0/pdt/9791185415499.jpg,우울 진료실 광기 환자 중독 내적,인문,"인간의 마음과 감정 그리고 삶의 조건에 대해 오랜 시간 궁리하고 들여다보고 탐색해온 정신과 의사의 우리 마음에 대한 보고서이자 속 깊은 자신의 이야기를 담은 일종의 고백이다. 흔히 병리이자 질환이라고 여겨지는 우울, 불안, 분노, 중독, 광기를 살피는 지은이는 이러한 감정들이 가장 정의하기 어렵고, 이해하기 어려운 감정 중 하나인 사랑과 어떻게 연결되는지를 탐색한다. 진료실에서 만난 환자들과 나눈 수많은 이야기와 그들의 목소리 그리고 지은이 자신의 삶에서 끌어올린 내적인 자기 고백이 인간의 마음을 탐구했던 사상가와 예술가의 생각들과 연결되어 하나의 독특한 그림을 그려낸다. 무엇보다 의사로서 혹은 치유자로서 환자의 마음을 해석하고 분석하는 사람이 아니라 어린 시절부터 지금까지 자신의 삶을 관통했던 기억과 경험 그리고 자신만의 내밀한 이야기들이 잔잔하고도 깊은 울림을 갖는다. 인간의 감정과 마음에 관한 시적(詩的)이고 통찰력 있는 분석이 오랜 시간 동안 벼리고 다듬어 쓴 간결하고 빛나는 문장에 담겨 있다.",264쪽,Topic #1,0.8287120411321535
분노,느낌은 어떻게 삶의 힘이 되는가,"분노, 슬픔, 두려움, 기쁨, 수치심을 나를 위해 사용하는 법","비비안 디트마 저자(글), 정채현 번역",한국NVC출판사,2023년 07월 24일,"16,200원",10.0,https://contents.kyobobook.co.kr/sih/fit-in/200x0/pdt/9791185121390.jpg,인간관계 수치심 진짜 목적 열쇠 분노 슬픔,인문,"느낌은 어떻게 삶의 힘이 되는가?느낌은 당신이 누구인지, 당신이 어떤 삶을 살지 결정한다. 대부분의 사람처럼 당신도 특정한 느낌을 일으키거나 피하느라 무던히 애쓰고 있을 것이다. 느낌이 가진 진정한 힘을 발휘하려면 느낌의 진짜 목적을 이해해야 한다. 느낌은 당신의 감정 잠재력과 감정지능에 이르는 열쇠이다. 분노, 슬픔, 두려움, 수치심 등의 느낌이 어째서 명료함, 사랑, 창조성, 자연스러운 권위에 다가가는 열쇠가 되는지, 그리고 느낌의 힘을 어떻게 활용할 수 있는지 배워보자. 인간관계에서나 사업에서나 우리 내면의 느낌이 중요한 역할을 한다. 이 책은 그런 힘이 있는 느낌을 우리 삶에 도움이 되는 쪽으로 바꾸는 걸 보여준다. 느낌이 가진 힘을 우리가 행복해지고 인간관계를 원활히 하고 비즈니스 하는 데까지 쓸 수 있다.",준비중,Topic #3,0.7025340227109961
분노,어른 이후의 어른,No book_explain exists,"모야 사너 저자(글), 서제인 번역",엘리,2023년 01월 11일,"16,200원",10.0,https://contents.kyobobook.co.kr/sih/fit-in/200x0/pdt/9791191247305.jpg,심리 치료사 정신 분석 수식 어구 초자아 노년기 사관 학교,인문,"『어른 이후의 어른』은 ‘어른’이 어떤 존재인지조차 모르고 어른의 무게를 짊어진 우리들의 이야기다. 오래오래 행복하게 사는 ‘성공한 어른’이라는 결말이 아닌 생애 모든 단계에서 성장 경험을 발견하고 ‘어른다움’과 ‘자기다움’을 찾기 위해 우리는 무엇을 할 수 있을까? 또 살면서 마주하는 사건과 시련, 도전과 기회에 우리는 어떻게 대처할 수 있을까?풍부한 인터뷰 경험을 갖춘 저널리스트이자 심리치료사인 30대 중반의 지은이 모야 사너는 자신이 어른이라는 생각이 들지 않았기 때문에 이 책을 써야만 했다. 스스로 어른임을 확신하지 못하는 태도는 보편적이고 정상적인 일임에도 사회는 응당 어른이라면 취직, 독립, 결혼, 육아, 주택 소유 등 어른의 조건을 충족해야 한다는 듯 우리를 압박한다. 지은이는 이를 어른다움의 위기로 보고, 청소년기부터 노년기에 해당하는 약 45명의 사람들을 만나 그들에게 ‘어른이 된다는 것’은 무엇을 의미하는지 질문한다. 그들 각자의 인생에서 필연적으로 겪은 상실과 슬픔, 애도와 좌절, 분노와 고독에 대한 에피소드를 지은이는 정신분석학과 심리학이라는 틀로 흥미롭게 접근함으로써 어른이 된다는 것은 무엇인지, 어떻게 살아갈 것인지 등을 고찰한다. 또한 멜라니 클라인, 윌프레드 비온, 도널드 위니콧 등 저명한 학자들의 이론을 알기 쉽게 녹여내 정신분석과 성장의 관계성을 살핀다. 이 책이 엮어낸 다채로운 성장 서사는 지금 발 디디고 서 있는 나의 위치를 돌아보게 하며, 자기 자신을 제대로 인식하게 만든다. 더불어 세상에 떠밀리지 않고 끝내 온전한 나 자신으로 나아갈 수 있는 용기를 북돋아준다.",456쪽,Topic #2,0.7658042552063259
분노,청소년을 위한 공격성 및 분노 조절 프로그램,인지행동치료와 치료놀이의 통합 프로그램,"김붕년 저자(글), 김봉석 저자(글), 윤미원 저자(글), 최치현 저자(글), 안영신 저자(글), 이호동 저자(글)",학지사,2019년 09월 30일,"15,000원",10.0,https://contents.kyobobook.co.kr/sih/fit-in/200x0/pdt/9788999719189.jpg,회기 동지 조심 폭력 패턴 치료,인문,- 독자대상 : 중/고등학생- 구성 및 특징 : 	① 최근 경향 반영	② 학습 내용 체계적으로 구성,188쪽,Topic #2,0.6962231543688568
분노,강박성 성격장애,순응 뒤에 감추어진 분노 (이상심리학 시리즈  23),"민병배 저자(글), 이한주 저자(글)",학지사,2016년 03월 30일,"9,500원",9.41,https://contents.kyobobook.co.kr/sih/fit-in/200x0/pdt/9788999710230.jpg,하위 유형 주요 증상 완벽주의 도덕주의 일중독 원칙 주의자,인문,"21세기 현대사회는 급격한 변화와 치열한 경쟁으로 점철될 전망이다. 이런 현실 속에서 현대인은 누구나 이상심리나 정신장애를 경험할 수 있다. 행복하고 건강한 삶을 위해서는 인간의 정신세계에 대한 깊은 관심과 이해가 필요하다. 정상심리와 이상심리는 어떻게 다른가? 우울증, 공황장애, 정신분열증, 섭식 장애, 자폐증 등과 같은 정신장애의 주요 증상은 무엇인가? 이런 장애가 왜 생겨나고 어떻게 치유될 수 있는가? 이 시리즈는 이런 물음에 대한 이상심리학의 지식을 일반 독자와 공유하기 위해서 기획되었다. 다양한 정신장애를 세분하여 구성하였으며, 각 권마다 최신의 지식을 쉽게 풀어 소개한다. 매사에 지나치게 철저하며 자신의 실수를 용납치 않는 완벽주의자, 완고한 윤리적 기준을 자신과 타인에게 강요하는 엄격한 도덕주의자, 성취에 집착하고 융통성이 부족한 원칙주의자. 이 책에서는 이러한 특성을 지니는 강박성 성격장애의 심리적 특성, 원인 및 극복방법을 제시하고 있다.",174쪽,Topic #3,0.7970261559214649
분노,극한 갈등,분노와 증오의 블랙홀에서 살아남는 법,"아만다 리플리 저자(글), 김동규 번역",세종서적,2022년 09월 05일,"20,700원",9.5,https://contents.kyobobook.co.kr/sih/fit-in/200x0/pdt/9788984079939.jpg,인간관계 솔루션 라이너스 브렉 악순환 민주당,자기계발,"모든 여가 시간을 분노로 허비한다는 한국인들이꼭 알아야 할 갈등에 관한 최고의 솔루션!. 《극한 갈등》은 로버트 치알디니, 애덤 그랜트, 조너선 하이트, 조나 버거, 다니엘 핑크 등 설득, 심리, 윤리 분야의 저명한 학자들이 강력하게 추천했다. 또한 〈뉴욕타임스〉는 이 책을 두고, 전 세계적으로 갈등이 심각해진 현실에서 꼭 필요한 책이 출간되었다고 평가했다. 이 책은 가족 내 다툼 같은 개인적 갈등부터 빈부격차나 노사문제, 젠더갈등 등 사회적 갈등까지 다양한 사례를 다루며 현대사회의 문제가 되어버린 갈등에 대해 통찰을 제공해준다. 《극한 갈등》은 ‘우리는 왜 그렇게 서로를 미워하고 증오하고, 승자 없는 싸움을 반복하는가?’라는 질문을 끈질기게 제기한다. 내셔널 매거진 어워드를 수상한 저널리스트인 아만다 리플리는 이 난맥상의 해법을 현실에서 찾기 위해 전 세계를 돌아다니며, 극심한 갈등에서 빠져나온 현실 속 영웅들의 귀중한 사례를 수집했다. 사례는 이혼 소송부터 갱단, 시민단체와 정부, 지역 간 갈등 등 다양하다. 블랙홀처럼 모든 것을 집어삼키는 ‘고도 갈등(high conflict)’과 갈등복합산업체의 실체를 알아낸다면, 갈등에서 벗어날 방법은 있다는 것을 이 사례들은 말해준다. 정치적 양극화와 갈라치기, 젠더 갈등이 문제가 되고 있는 한국에도 시사하는 바가 크다.저자가 책 속에서 제시하는 해결책은 무엇일까? 첫째 ‘우리 대 그들’, ‘선과 악’이라는 이분법적 구도를 깨부숴야 한다. 이와 더불어 인간사는 그렇게 단순하고 간단한 것이 아니라 매우 복잡하다는 인식을 공유하고, 상대방의 입장을 들어야 한다. 또 갈등을 부추기고 그 갈등으로 이득을 취하는 사람이나 미디어를 멀리해야 한다. 갈등의 가장 큰 피해자는 우리 자신이며 이를 해결할 힘도 우리에게 있다.",472쪽,Topic #1,0.7412938509245167
분노,걱정이 많아서 걱정인 당신에게,나를 지치고 힘들게 하는 감정에서 탈출하는 법,한창욱 저자(글),정민미디어,2018년 11월 20일,"13,500원",9.33,https://contents.kyobobook.co.kr/sih/fit-in/200x0/pdt/9791186276600.jpg,인생 분노 불안 열등감 외로움 루소,자기계발,"당신 안의 나쁜 감정들을 다스려 날마다 기분 좋게 사는 법!당신의 감정은 폭넓은 스펙트럼을 지니고 있다. 이 책은 당신의 수많은 감정 중 당신을 유독 지치고 힘들게 하는 여섯 가지 감정, 즉 불안 · 외로움 · 분노 · 무기력 · 열등감 · 우울의 정체를 밝히고, 그것들을 조절하는 방법을 알려준다.",336쪽,Topic #2,0.7707181645062958
분노,우리 집 비밀,No book_explain exists,"오쿠다 히데오 저자(글), 김난주 번역",재인,2021년 04월 06일,"14,220원",9.88,https://contents.kyobobook.co.kr/sih/fit-in/200x0/pdt/9788990982933.jpg,사랑 미스터리소설 인생 일본소설 친부 가족,소설,"눈물이 핑 돌고 코끝이 시큰해지는, 나와 내 가족, 우리 이웃의 이야기.웃고 울며 읽다 보면 인생을 사랑하게 된다!. 『오 해피 데이』 『우리 집 문제』에 이은 오쿠다 히데오 가족 소설 시리즈 제3탄 『우리 집 비밀』은 사람 사는 맛이 물씬 나는 정겹고 따스한 휴먼 스토리로 가득하다.내 주위 어느 가정에나 있을 법한 평범한 이야기들을 따스한 유머로 버무려 내놓은 이 작품은 갈수록 팍팍하고 비정해져 가는 세상에서 그동안 우리가 잊고 지내 온 소중한 삶의 가치를 새삼 일깨워 준다. 함께 살지만 모래알처럼 흩어져 각자의 생활에 여념이 없는 가족의 이야기, 이기주의와 개인주의가 판치는 직장에서 일어나는 갖가지 에피소드를 읽다 보면 결국 ‘그래도 인생은 살 만하다’라는 결론에 다다르게 된다.모두 여섯 개의 이야기로 이루어진 『우리 집 비밀』은 2012년부터 2015년까지 문예지 『소설 스바루』에 연재되었던 단편 중 주옥같은 작품들을 엄선해서 엮었다. 일본 가정이 스토리의 무대이긴 하지만 우리 한국인의 삶과 구별할 수 없을 정도로 가정이나 직장에서의 사람 사는 모습이나 풍경이 비슷하다.",312쪽,Topic #2,0.7828527742573413
분노,우렁이 각시는 당신이 아는 그런 이야기가 아니다,반양장,심조원 저자(글),곰곰,2022년 12월 20일,"13,500원",7.5,https://contents.kyobobook.co.kr/sih/fit-in/200x0/pdt/9791196714772.jpg,,인문,"이 책은 구술로 전해 오다가 근대화 이후 남성들에 의해 글로 기록되면서 왜곡되거나 삭제된 옛이야기를 여성의 입장에서 복원하여 생생하게 풀어내고 있다. 안방과 빨래터, 우물가에 삼삼오오 모인 여성들은 자신들의 고된 삶을 때로는 으스스하게, 때로는 깔깔대며 끝없이 이야기하였다. 가부장제의 굴레에 갇혀 온전한 인간으로 대접받지 못했던 그들은 끝내 살아남아 이야기의 주인공이 되었다. 이 책은 밋밋한 훈계가 아니라 상징과 은유와 풍자로 가득한 옛이야기의 바다에서 건져 올린 우리 할머니와 어머니와 딸 들의 만만찮은 이야기를 전하고 있다. 책 만드는 일을 그만두고 고전과 옛이야기를 탐구해 온 작가 심조원은 전국의 노인들이 들려주는 구술 기록들을 원본으로 삼아 그 입말을 그대로 인용하며 이 책을 기록했다. 작가의 구수하면서도 신랄한 입담이 읽는 재미를 더하고 있다.",168쪽,Topic #2,0.7413202374564798
분노,사라지지 않는다,No book_explain exists,"클라라 뒤퐁-모노 저자(글), 이정은 번역",필름(Feelm),2022년 10월 18일,"13,500원",9.69,https://contents.kyobobook.co.kr/sih/fit-in/200x0/pdt/9791192403137.jpg,,소설,"★ 2021년 프랑스 4대 문학상 ‘페미나상’ 수상★ 2021년 공쿠르상 2차 후보작★ 페미나상, 랑데르노상 등 다수 문학상 수상★ 엘르, 르몽드, 르피가로, 렉스프레스 등 주요 프랑스 언론의 열렬한 찬사★ 프랑스 20만 부 판매! 19개국 판권 계약!“살아있는 한 결코…… 사라지지 않는다.다만, 함께 적응해 나아갈 뿐.”. 현재 프랑스 문단이 가장 주목하는 작가 클라라 뒤퐁-모노의 소설이 국내 처음 출간되었다. 소설 『사라지지 않는다』는 2021년 프랑스 4대 문학상인 ‘페미나상’ 수상을 비롯하여 다수의 문학상과 주요 프랑스 언론과 문단, 독자들의 열렬한 찬사와 호평을 받은 작품이다. “어느 날 어느 가족에게 부적응한 아이가 태어났다.”로 시작하는 이 소설은 ‘부적응한’ 아이가 태어남으로 인해 삶이 변한 한 가족의 이야기를 담고 있다. 각 챕터는 ‘부적응한 아이’를 제외한 세 아이를 중심으로 구성되었는데, 아이의 존재가 맏이와 누이, 막내의 삶에 어떤 변화를 불러일으키는지를 담담하지만 섬세한 시선으로 그려냈다. 아이의 존재는 누군가에게는 기쁨이자 전부였고, 누군가에게는 고립과 분노였다. 삶의 한가운데 그들은 혼자였고 동시에 함께였다.",240쪽,Topic #2,0.7753012574205187
분노,물러서지 않을 용기,습관적 회피에서 벗어나 주도적으로 살기 위한 30가지 심리 처방,"리궈추이 저자(글), 이정하 번역",유노북스,2021년 03월 19일,"13,500원",7.63,https://contents.kyobobook.co.kr/sih/fit-in/200x0/pdt/9791190826457.jpg,내면 심리 치료 자존감 회피 용기 습관,자기계발,"“왜 문제를 덮으려고만 할까?”더 나은 삶으로 안내하는 문제를 마주할 용기습관적 회피에서 벗어나 주도적으로 살아가는 법. 오늘 해야 할 일을 내일로 미루지 않는가? 갈등을 피하려다 관계가 틀어진 적은 없는가? 다른 사람에게 무조건 맞추려고 하지 않는가? 당신의 생각이 모두 옳다고 주장하지 않는가? 문제를 마주하지 않고 회피하는 사람들의 전형적인 모습이다. 6,500시간 심리 치료를 통해 수많은 사람을 만난 저자는 삶의 문제로 고통받는 그들에게서 한 가지 공통점을 발견한다. ‘습관적 회피’다. 일, 관계, 사랑에서 일어나는 문제를 마주할 용기가 없어 회피를 선택한다.회피하는 마음에는 두려움이 큰 요인으로 작용한다. 일이 잘 풀리지 않을까 봐, 현재의 안정적인 상태에서 벗어나게 될까 봐, 알고 싶지 않은 사실을 깨닫게 될까 봐 두려운 것이다. 습관적 회피에서 벗어나 주도적으로 살고자 하는 사람들에게 저자가 제안하는 심리 처방은, 물러서지 않고 마주하는 것이다. 마주하면 별거 아닌 문제가 많고, 자신의 상처와 고민 때문에 문제를 과대 해석하는 경우가 다수이다. 이 책에는 자신의 의견을 말하지 못하는 사람, 직장 내에서 상사와 갈등이 끊이지 않는 사람, 남자친구에게 매번 차이는 사람, 이혼 후 우울증에 빠진 사람 등이 등장한다. 저자는 여러 사람의 사례를 통해 어려움을 겪을 수밖에 없었던 그들의 경험과 내면을 들여다보며 그들이 자립할 수 있도록 심리 처방을 곁들인다. 전문 분야가 가족 심리 치료인 만큼 어린 시절 부모와의 관계에서 충족되지 못했던 정신적 필요까지 파악하고, 현재의 문제를 통해 뿌리 깊은 내면의 상처까지 다루는 등 다양한 문제로 힘겨워하는 이들에게 도움이 되는 조언을 책에 가득 담았다. 더 나은 삶으로 안내하고 있다. 사람은 저마다 다르고, 추구하는 것도 다르다. 이 사실을 인정하는 것이 시작이다. 그다음은 내가 회피해 왔던, 회피하고 싶은 문제들을 마주하는 것이다. 왜 회피하고 싶은지 원인을 파악하고, 자신에게 질문해 보는 것이다. 물러서지 않고 용기를 내 문제를 마주하기 시작할 때부터 문제는 반 이상 해결된다고 저자는 말한다. 물러서지 않고 문제를 마주하는 건 용기가 필요하다. 그때 비로소 타인의 관심과 인정을 받기 위함이 아닌, 사회적 기준을 충족하는 삶이 아닌, 다른 사람의 장점을 좇는 삶이 아닌, 정답이라 여겨지는 목표가 아닌 내면의 평안과 함께 주도적으로 인생을 이끌어 나갈 수 있을 것이다.",256쪽,Topic #1,0.8400976561269411
분노,따귀 맞은 영혼,마음의 상처에서 벗어나는 방법,"배르벨 바르데츠키 저자(글), 장현숙 번역",궁리,2020년 09월 25일,"13,500원",9.0,https://contents.kyobobook.co.kr/sih/fit-in/200x0/pdt/9788958206217.jpg,남과 관계 게슈탈트 교양심리 상처 분노,인문,"“마음을 다친다는 것은 마음에 따귀를 맞는 것과 같습니다!우리 얼굴 위로 떨어지는 주먹질. 그래서 우리의 마음에 깊은 아픔을 주는 일격이나 다름없습니다.”2002년 출간된 이후, 수많은 독자들의 마음을 어루만져준 따뜻한 베스트셀러!이런 일을 경험해보지 않은 사람이 있을까? 잔뜩 기대에 부풀어 영화표를 예매하는데, 하필 바로 좀전에 매진이 되어버린다. 사무실에서는 동료 직원이 어쩌다 그런 실수를 했느냐면서 사뭇 훈계조로 말한다. 애인은 다른 친구를 사귀게 되었으니 이제부터는 서로 거리를 좀 두자고 한다. 우체통에서 우편물을 꺼내 보니, 내가 지원했던 자리에 유감스럽지만 딴 사람이 채용되었다는 내용이 담겨 있다. 친구에게 멋진 선물을 보내놓고서 소포 잘 받았다는 연락이 오기를 목이 빠지게 기다리지만 아무 소식도 없다.  『따귀 맞은 영혼』은 사람들이 언제, 왜 상처받고 괴로워하는지 그리고 거기서 헤어 나오기 위해서는 어떻게 해야 하는지를 섬세하게 그려내고 있다. 삶이라는 것은 만남으로 이루어져 있고, 인간은 그 만남 없이는 살아갈 수 없다. 따라서 남과의 관계에서 겪는 마음상함이라는 것도 어떻게 보면 피할 수 없는 운명적인 것이다. 그러나 우리의 선택에 따라 이 마음상함에 훨씬 의연하게 대처할 수 있음을 이 책은 보여준다. 일상에서 느끼는 좌절감, 우울감, 불안감, 분노, 수치심, 소외감 등이 서로 어떻게 연관되어 있으며, 어디서 비롯하는지, 우리 삶에 어떤 영향을 미치는지를 게슈탈트 심리 치료(료(또는 형태 심리 치료) 이론에 입각하여 자세히 설명하고 있다. 모든 일은 자기와 관련된 것으로 받아들이는 태도라든지 모든 악한 것을 남의 것으로 간주하는 투사, 타인의 생각을 자신의 것으로 비판 없이 받아들이는 내사 등이 우리를 과거의 상처에서 벗어나지 못하게 하는 기제로 작용한다. 또한 이 책은 독일 사람들의 임상 사례를 예로 들고 있지만, 보통 사람들이 겪는 마음의 상처는 독일이나 한국이나 별반 다르지 않음을 알 수 있다. 각각의 사례들은 저마다 독특한 배경과 아픔을 가지고 있지만, 그것을 이해하는 것은 그리 어렵지 않다. 그것은 우리 모두의 이야기이기 때문이다.",308쪽,Topic #1,0.8503439353713975
분노,당신의 분노는 무기가 된다,분노에 휘둘리지 않고 내 삶의 주인이 되는 원칙들,"안도 순스케 저자(글), 부윤아 번역",해냄출판사,2021년 06월 30일,"13,500원",9.86,https://contents.kyobobook.co.kr/sih/fit-in/200x0/pdt/9791167140043.jpg,감정 매니지먼트 트레이닝 기업 포브스 컨트롤,인문,"“당신의, 그 분노는 옳다!”아시아 유일의 앵거 매니지먼트 전문가가 알려주는인생을 바꾸는 분노의 힘. 분노에는 인생을 바꿀 수 있는 커다란 힘이 담겨 있다고 이야기하며 많은 이들의 지지와 공감을 불러일으킨 『당신의 분노는 무기가 된다』가 해냄에서 출간되었다. 하지만 우리는 지금까지 화를 내서는 안 되는 것, 분노는 참아야만 하는 것이라고 생각해왔다. 아니, 분노라는 감정을 제대로 마주한 적조차 없었다. 화가 나도 분노의 감정을 키우지 않기 위해 억누르며 결국 분노를 자신에게 향하게 하는 사람도 많았을 것이다. 하지만 저자인 안도 순스케는 이런 사람들의 생각을 180도 뒤집으며 새로운 시각을 제안한다.인간이라는 동물은 분노에서 결코 자유로울 수 없다. 게다가 최근 장기화된 코로나 사태로 비일상적인 생활이 길어지면서 우울함과 스트레스가 쌓여 감정을 조절하기 힘들어지고, 끝내 폭력까지 이어진 사례가 증가했다. 이럴 때일수록 분노를 조절하고 좋은 에너지로 바꿀 수 있어야 하는데, 이를 위해 필요한 트레이닝이 바로 앵거 매니지먼트이다. 최근 여러 기업에서 주목하고 있는 앵거 매니지먼트는 분노를 컨트롤하기 위한 심리 트레이닝으로, 1970년대 미국에서 만들어졌다. 현재는 미국 전역의 기업과 교육 기관 등에서 이 프로그램을 도입하고 있고, 프로 운동선수들의 멘탈 트레이닝에도 활용하고 있다.앵거 매니지먼트에서 가장 중요한 것은 우선 자신의 감정을 파악하는 것이다. 자신이 느끼는 감정을 구체적으로 인식하지 못하면 엉뚱한 방향으로 분노가 폭발해버리기 때문이다. 평소에 감정을 대하고 반응하는 습관이나 심리 상태, 몸의 컨디션과 스트레스 정도에 따라 분노의 표현 방식이나 정도가 달라지는데, 앵거 매니지먼트는 스스로 이를 인식하게 함으로써 자신의 진짜 감정을 깨닫게 하는 데 도움을 준다. 분노에 따른 충동은 아주 찰나의 것으로, 이 몇 초를 다룰 줄 알면 잘못된 방식으로 분노를 표출하여 후회하거나 최악의 상황으로 치닫는 일을 피할 수 있게 되는데, 그 순간을 컨트롤하는 방법이 바로 앵거 매니지먼트인 것이다. 재팬 포브스와 일본의 대표적인 인사 솔루션 기업인 퍼솔홀딩스 또한 “최근 여러 기업들이 분노로 인한 파워해러스먼트 대책을 고심하고 있다”라며, “자신의 감정이 분노로 이어지는 것에 대한 답은 앵거 매니지먼트에서 찾을 수 있다”고 안도 ?스케의 『당신의 분노는 무기가 된다』에 주목했다.“우리는 오랫동안 감정을 드러내지 않는 것을 미덕이라고 배우며 감정을 부정해왔다. 그러니 감정이 중요한 역할을 한다고 이해했더라도 하루아침에 내 감정과 솔직하게 마주하기는 결코 쉽지 않다. (……) 그래서 나는 분노를 제대로 마주하고 잘 다루는 방법으로 『당신의 분노는 무기가 된다』에서 소개하는 앵거 매니지먼트를 주목해보고 싶다.” _ 옮긴이의 말",216쪽,Topic #2,0.8303086263498439
분노,분노의 포도(완역본),(홍신세계문학  7),"J. E. 스타인벡 저자(글), 맹후빈 번역",홍신문화사,2012년 02월 01일,"14,220원",9.62,https://contents.kyobobook.co.kr/sih/fit-in/200x0/pdt/9788970558073.jpg,산업 자본주의 이주 노동자 지배 계급 당시 미국 중고차 하루 아침,소설,미국을 대표하는 소설가 존 스타인벡의 대표작!. 미국을 대표하는 소설가 존 스타인벡의 작품『분노의 포도』. 대공황 시대 미국의 참혹한 현실을 그린 이 작품으로 존 스타인벡은 퓰리처 상과 노벨 문학상을 수상하며 미국의 대표 작가로 거듭나게 되었다. 정직하게 살아가다 하루 아침에 비참한 이주 노동자로 몰락한 조드 일가를 통해 당시 미국의 현실을 생생하게 포착하였다. 『분노의 포도』는 1차 세계대전이 끝나고 산업자본주의가 대두되던 시기의 미국 농촌을 배경으로 하고 있다. 3대에 걸친 조드 가족은 가뭄과 모래 한파와 지주들의 횡포에 못 이겨 트럭으로 개조한 중고차를 타고 일자리가 있다는 캘리포니아로 떠난다. 하지만 힘들게 도착한 목적지는 지배계급의 노동력 착취가 만연한 또 다른 고통의 땅이었는데... 가난에 절망하면서도 끝까지 인간의 존엄성을 지키려 애쓰는 조드 가족의 이야기는 희망의 가능성이 여전히 인간에게 있음을 보여준다. 약속의 땅을 향한 고통스러운 여정을 통해 절망 속에서 발견할 수 있는 인간의 생명력과 희망을 그린 작품이다.,702쪽,Topic #2,0.8348356280396473
분노,분노의 포도 2,(세계문학전집  175),"존 스타인벡 저자(글), 김승욱 번역",민음사,2008년 03월 24일,"11,700원",9.61,https://contents.kyobobook.co.kr/sih/fit-in/200x0/pdt/9788937461750.jpg,세계고전문학 노벨문학상 산업 자본주의 이주 노동자 미국소설 지배 계급,소설,미국을 대표하는 소설가 존 스타인벡의 작품『분노의 포도』. 대공황 시대 미국의 참혹한 현실을 그린 이 작품으로 존 스타인벡은 퓰리처 상과 노벨 문학상을 수상하며 미국의 대표 작가로 거듭나게 되었다. 정직하게 살아가다 하루 아침에 비참한 이주 노동자로 몰락한 조드 일가를 통해 당시 미국의 현실을 생생하게 포착하였다. 『분노의 포도』는 1차 세계대전이 끝나고 산업자본주의가 대두되던 시기의 미국 농촌을 배경으로 하고 있다. 3대에 걸친 조드 가족은 가뭄과 모래 한파와 지주들의 횡포에 못 이겨 트럭으로 개조한 중고차를 타고 일자리가 있다는 캘리포니아로 떠난다. 하지만 힘들게 도착한 목적지는 지배계급의 노동력 착취가 만연한 또 다른 고통의 땅이었는데... 가난에 절망하면서도 끝까지 인간의 존엄성을 지키려 애쓰는 조드 가족의 이야기는 희망의 가능성이 여전히 인간에게 있음을 보여준다. 약속의 땅을 향한 고통스러운 여정을 통해 절망 속에서 발견할 수 있는 인간의 생명력과 희망을 그린 작품이다. (제2권),497쪽,Topic #2,0.8357963107522098
분노,욱하는 성질 죽이기,행복하고 싶으면 분노를 조절하라! 폭발적인 감정을 스스로 통제하여 멈추게 하는 기술,"로널드 T.포터-에프론 저자(글), 전승로 번역",다연,2014년 10월 10일,"13,500원",9.01,https://contents.kyobobook.co.kr/sih/fit-in/200x0/pdt/9788992441575.jpg,감정 평가 도구 모세 혈관 분노조절 레이지 킴벌리,자기계발,"폭발적인 감정을 스스로 통제하여 멈추게 하는 기술!. 행복하고 싶으면 분노를 조절하라!『욱하는 성질 죽이기』. 분노 전문가이자 정신과 의사인 로널드 T.포터-에프론 박사가 끓어오르는 분노를 잘 다스리는 법을 소개한 책이다. 화의 폭발을 극복할 수 있는 단계적 가이드 및 계획을 제시하여, 오늘날 우리가 겪을 수 있는 다양한 형태의 ‘분노’에 대해 올바른 지적과 조언을 전해준다. 이 책은 분노와 화의 차이점을 명쾌하게 이해시키며, 분노가 진행될 때 뇌에 생기는 일들과 분노하는 사람들의 뇌가 분노하지 않는 사람들의 뇌와 어떻게 다른지에 대해 이야기한다. 더불어 여섯 개의 분노와 이에 방아쇠를 당기는 상황들을 설명하고, 독자들이 분노문제를 확인할 수 있는 자기평가 도구를 제시하여, 단계적으로 분노를 끝내는 법과 효과적으로 이겨낼 수 있는 스킬, 대처하는 법을 배울 수 있도록 하였다.",272쪽,Topic #3,0.8090224001343211
분노,상처 떠나보내기,"오늘이 아프지 않게, 내일이 흔들리지 않게",이승욱 저자(글),테라코타,2023년 10월 17일,"16,200원",10.0,https://contents.kyobobook.co.kr/sih/fit-in/200x0/pdt/9791198180377.jpg,고통 우울 담자 분석가 셰르파 무력감,인문,"마음의 고통으로 심리서를 찾은 독자들이 꼽은 인생 책,정신분석 레퍼런스로 10여 년 넘게 사랑받아 온 스테디셀러,«상처 떠나보내기» 개정증보판 출간!. 2011년 출간 이후 정신분석 레퍼런스로 10여 년 넘게 사랑받아 온 《상처 떠나보내기》 개정증보판이 출간되었다. ‘가슴 깊은 곳의 상처를 극적으로 경험하고, 깊이 이해하고, 끝내는 받아들임으로써 떠나보내는’ 내담자들의 내밀하고도 고통스러운 정신분석 과정을 통해, 독자들도 보다 근본적인 차원에서 상처의 원인을 탐색할 수 있도록 도와준 이 책은, 마음의 고통 때문에 심리서를 찾은 이들의 ‘인생 책’으로 손꼽히고 있다.정신분석가 이승욱은 이번에 출간한 개정증보판에 깊은 우울, 관계에 대한 집착, 실체를 알 수 없는 분노, 극심한 절망, 자신이 무가치하게 느껴지는 무력감 등으로 힘들어하는 다섯 명의 기존 임상 사례 외에 불행한 어머니에게 기쁨을 주기 위해 애쓰다 지쳐 버린 딸의 새로운 사례를 추가했다. 《상처 떠나보내기》 출간 이후 10여 년간 만난 수많은 내담자 중 이 사례를 선택한 이유는, 안타깝지만 많은 사람이 부모의 어떤 행위와 태도 때문에 상처 입고 평생 고통을 감당하며 살고 있으며, 자신도 모르게 이 고통을 대물림하고 있기 때문이다.엄밀히 말해 《상처 떠나보내기》는 정신분석가 이승욱이 만난 여섯 사람의 상처에 관한 이야기다. 타인의 상처를 다룬 이 책이 이토록 오랫동안 읽히며 회자되는 이유는, 우리의 상처가 그들의 상처와 다르지 않기 때문이다. 그래서 독자들은 그들과 삶의 경험은 다르지만 책을 읽어 나가며 어느 대목에서 가슴속 깊이 묻혀 있던 아픈 기억이 소환되어 고통스러울 수도 있다. 그럴 때마다, 이 책이 혼자 울고 있는 느낌이 들지 않도록 지켜 줄 것이며, 든든한 셰르파가 되어 고통스러운 여정을 함께 해 줄 것이다.",328쪽,Topic #1,0.8202776814669456
분노,욱하는 성질 죽이기(특별판),아무것도 아닌 일에 화를 내는 당신에게,"로널드 T. 포터-에프론 저자(글), 전승로 번역",다연,2023년 01월 10일,"17,100원",7.5,https://contents.kyobobook.co.kr/sih/fit-in/200x0/pdt/9791190456500.jpg,트라우마 수치심 테리 체념 모세 혈관 레이지,자기계발,"폭발적인 감정을 스스로 통제하여 멈추게 하는 기술!행복하고 싶으면 분노를 조절하라!. 분노 전문가이자 정신과 의사인 로널드 T. 포터-에프론 박사가 끓어오르는 분노를 잘 다스리는 법을 소개한 책이다. 분노와 화의 차이점을 명쾌하게 이해시키며, 분노가 진행될 때 뇌에 생기는 일들과 분노하는 사람들의 뇌가 분노하지 않는 사람들의 뇌와 어떻게 다른지 이야기한다. 더불어 여섯 개의 분노와 이에 방아쇠를 당기는 상황들을 설명하고, 독자들이 분노 문제를 확인할 수 있는 자기평가 도구를 마련하여 단계적으로 분노를 끝내는 법과 효과적으로 이겨낼 방법을 알려준다.",272쪽,Topic #3,0.7846789846463389
분노,감정이라는 세계,내 마음속 10가지 감정을 탐구하는 지적 여행,"레온 빈트샤이트 저자(글), 이덕임 번역",웅진지식하우스,2022년 07월 05일,"15,300원",9.17,https://contents.kyobobook.co.kr/sih/fit-in/200x0/pdt/9788901262482.jpg,,인문,"지금 독일이 가장 주목하는 심리학자 레온 빈트샤이트가최신 심리학 연구에서 찾아낸 감정에 대한 모든 것. 20만 독자가 열광한 2021 슈피겔 베스트셀러 내 안의 감정을 더 잘 이해할 수는 없을까? 호르몬은 감정을 어떻게 변화시킬까? 나쁜 감정이 몰려올 때는 어떻게 대처해야 할까? 감정을 더 잘 다룰 수 있다면 어떨까? 전 세계의 연구자들이 우리 인간이 무엇을, 왜 느끼는지에 대한 연구를 진행하고 있다. 독일의 떠오르는 심리학자 레온 빈트샤이트는 최신 심리학 연구와 뇌과학 실험 등의 놀라운 연구 결과를 비롯해 당대 최고의 연구자들이 세계 곳곳에서 통찰한 결과물을 정리했다. 이 책은 감정의 본질에는 무엇이 있는지, 감정이 우리에게 실제로 어떤 영향을 미치는지, 또 우리가 감정을 좀 더 침착하게 다룰 수 있는 방법은 무엇인지에 대해 오랜 시간 탐구한 결과다. 당신을 각기 다른 10가지 감정의 세계로 안내하는 지도를 따라 내 마음속 감정을 탐구하는 지적 여행을 떠나보자.",288쪽,Topic #3,0.8074601219262705
분노,프랑켄슈타인,(문예세계문학선  62),"메리 셸리 저자(글), 임종기 번역",문예출판사,2014년 02월 01일,"9,900원",9.61,https://contents.kyobobook.co.kr/sih/fit-in/200x0/pdt/9788931005929.jpg,세계고전문학 고딕 소설 연구 끝 영국고전 과학 소설 복수,소설,"괴물을 만들어낸 프랑켄슈타인의 그릇된 욕망!. 메리 셸리의 공포소설『프랑켄슈타인』. 국내에 처음 소개되는 1818년 판 <프랑켄슈타인 또는 현대의 프로메테우스>의 완역본이다. 우리에게 익숙한 1831년 수정판 텍스트와 비교하면, 보다 급진적이고 작가가 애초에 의도했던 문학에 더 가까운 판본이라고 할 수 있다. 그 시대의 과학과 지배적 이데올로기가 만들어냈으며, 사회적 약자를 상징하는 괴물을 통해 시대 가치의 허구성과 실체를 폭로한다. 중산층 가정에서 자란 청년 프랑켄슈타인은 과학적이고 합리적인 이성을 갖춘 인물이다. 그는 생명의 비밀에 대한 열정적인 연구 끝에 마침내 생명체를 창조해내지만, 인간이 넘지 말아야 할 선을 넘어버린 그의 그릇된 욕망은 가족과 친구의 죽음을 불러온다. 되돌릴 수 없는 사건에 대한 죄책감으로 괴로워하던 프랑켄슈타인은 삶의 모든 것을 걸고, 자신이 창조해낸 생명체를 직접 죽이기로 결심하는데….",325쪽,Topic #1,0.8398095901183402
분노,"화, 이해하면 사라진다","성내지 않고, 참지 않고, 화를 버리는 법",일묵 저자(글),불광출판사,2021년 07월 20일,"14,400원",9.95,https://contents.kyobobook.co.kr/sih/fit-in/200x0/pdt/9788974799298.jpg,고금 분석 봉암사 동양철학 지혜 분노,인문,"내뿜어도 괴롭고, 참으면 더 괴로운 ‘화’! 그 원리를 알면 다룰 수 있다왜 고금의 지혜와 현대 정신의학으로도 화는 해결되지 않는가화는 전혀 다른 차원의 일이기 때문이다. 나와 타인의 ‘화’가 서로에게 위협이 되는 ‘분노의 시대.’ 우리는 화의 괴로움을 매일, 매 순간 경험하며 살아간다. 세간의 크고 작은 사건 ㆍ 사고는 모두 화와 연결되어 있다. 우울, 짜증, 허무, 불안은 화의 또 다른 모습이다. 최근 조사(경기연구원, 2021년 3월)에서 우리 국민의 55.1%가 코로나19 팬데믹으로 인한 우울과 불안을 겪고 있다고 한다.화를 다스리는 고금의 수많은 지혜와 현대의 정신의학적 조언에도 불구하고, 우리는 여전히 ‘화’ 때문에 괴롭고 불행하다. 인간은 정말 화 없이 살 수 없는 것인가. 불교를 철학적 기반에 두고 삶의 핵심을 꿰뚫는 저서와 강연으로 꾸준히 대중과 소통해온 일묵 스님은 말한다. “훌륭한 뇌과학자나 심리학자도 화를 참는 건 쉽지 않습니다. 다른 차원의 일이기 때문입니다.” 즉 우리가 익히 알고 있는 방법으로 화를 다루는 데에는 한계가 있다는 뜻이다. 이 책 『화, 이해하면 사라진다』는 저자가 지난 26년간 봉암사를 비롯하여 미얀마, 영국, 프랑스 등 굴지의 수행처에서 체득한, 온전한 삶을 살기 위한 ‘화의 모든 것’이 담겨 있다. 병의 원인을 알아야 제대로 된 처방을 내릴 수 있듯이, 저자는 우리 마음의 심층 구조를 낱낱이 분석하여 화의 정체와 원인을 밝히고 그 처방(화를 다스리는 법)까지 완벽하게 제시한다. 무엇보다 화를 다스려야 하는 가장 큰 이유는, 화를 없앤 그 자리에 우리를 자유와 행복으로 이끄는 지혜가 분명하게 드러나기 때문이다.“병의 원인을 없애면 치료할 수 있듯이, 화는 발생 원리의 고리를 끊어내면 사라진다. 그리고 화를 끊어낸 그 자리에 비로소 지혜가 솟아난다.”",296쪽,Topic #1,0.7362225961037313
분노,마음의 속도를 늦춰라,하버드대 행복학 명강의,"장샤오헝 저자(글), 최인애 번역",다연,2022년 05월 10일,"16,650원",10.0,https://contents.kyobobook.co.kr/sih/fit-in/200x0/pdt/9791190456418.jpg,행복 하버드대 복학 경영 강의 장점,자기계발,"행복이란 무엇이고 어디에 있는가? 탈 벤 샤하르의 ‘행복학’으로 진정한 행복을 찾다. ‘행복’은 우리 인생의 가장 궁극적인 목적이다. 그러나 이 사실을 망각한 채 주객이 전도된 삶을 살 때, 우리는 불행해진다. 우리는 지금 행복한 삶을 살고 있는가? 우리가 추구하는 행복이란 무엇인가? 우리가 바라는 행복은 어디에 있는가? 이 책은 탈 벤 샤하르의 ‘행복학’ 강의를 바탕으로, ‘행복이란 무엇이고 어디에 있는가?’라는 근본적인 물음에서부터 온전히 행복에 이르기까지의 모든 것을 총 5강에 걸쳐 풀어놓았다. 이 책을 통해 우리의 진정한 행복을 찾아보자.",320쪽,Topic #2,0.6740978440183458
분노,루시,저메이카 킨케이드 장편소설 (문학동네 세계문학전집  203),"저메이카 킨케이드 저자(글), 정소영 번역",문학동네,2021년 11월 05일,"10,800원",9.55,https://contents.kyobobook.co.kr/sih/fit-in/200x0/pdt/9788954682756.jpg,사랑 엄마 남동생 보모 상실 서인,소설,"카리브해 문학의 강렬한 목소리 저메이카 킨케이드가 그린차가운 분노와 맹렬한 갈망으로 내디딘 홀로서기의 첫걸음. 피식민자, 여성, 흑인, 이주민으로서의 자기 정체성을 반영해 소설과 논픽션을 아우르며 다수의 작품에서 식민주의, 탈식민주의, 흑인 페미니즘, 계급과 인종, 젠더와 섹슈얼리티, 디아스포라 정체성을 다루어온 작가 저메이카 킨케이드의 대표작 『루시』가 문학동네 세계문학전집 203번으로 출간된다. 서인도제도의 앤티가섬에서 태어나 자란 뒤 열일곱 살에 외국인 입주 보모로 미국 뉴욕에 가 생활한 자전적 경험을 담은 성장소설이다. 국내에 처음 소개되는 이 작품은 서인도제도 출신 소녀 루시가 영국 지배하에 있는 고향을 떠나 뉴욕으로 추정되는 대도시에 도착하는 장면으로 시작해 그후 일 년간의 삶을 그린다.",148쪽,Topic #2,0.8104043847973321
분노,인생을 바꾸는 잠들기 전 15분 노트,No book_explain exists,"요코카와 히로유키 저자(글), 신찬 번역",프롬북스,2022년 07월 27일,"13,500원",10.0,https://contents.kyobobook.co.kr/sih/fit-in/200x0/pdt/9791188167654.jpg,하루카 실천 메구미 계획 교코 일기장,자기계발,"당신은 잠들기 전 무엇을 하는가? TV 시청? 넷플릭스? 인스타그램? 온라인쇼핑? 매일 밤 잠들기 전 15분 동안 자신의 생각과 감정을 쓰는 것만으로 원하는 목표를 달성할 수 있다면? 『인생을 바꾸는 잠들기 전 15분 노트』는 오랜 연구와 경험을 바탕으로 개발한 프로그램에 따라 7주간 자신의 생각과 감정을 쓰고 실천함으로써 생각을 현실화하여 결국 인생이 바뀌도록 돕는 강력한 툴이다.저자는 이 책을 ‘생각을 현실화하는 힘’, ‘행동력’, ‘목표 달성력’, ‘습관 고치기’ 등이 필요한 분에게 도움을 드리고자 썼다고 말한다. 그리고 약속한다. 이 책을 49일 동안 마지막까지 완독하고 실천하면 자기 자신이 더 좋아지고 새로운 일에 적극적으로 도전하는 사람으로 성장할 수 있을 거라고. 이 노트를 침대 머리맡에 두고 작은 계획을 세워보고 실패담도 써보면서 주제에 따라 매일 써내려가면 인생이 극적으로 바뀔 것이다!",296쪽,Topic #3,0.7855249472245328
분노,아동 청소년의 분노조절 사회기술훈련,분노대처 프로그램 가이드북,"Jim Larson 저자(글), John E 저자(글), Lochman 저자(글), 김봉석 번역, 박은진 번역, 박준성 번역, 배정훈 번역, 최범성 번역, 홍순범 번역",학지사,2014년 11월 28일,"19,000원",10.0,https://contents.kyobobook.co.kr/sih/fit-in/200x0/pdt/9788999705656.jpg,유인물 증례 복사 담임 교사 대안 최적,인문,"『아동 청소년의 분노조절 사회기술훈련』은 초등학교와 중학교 저학년 학생들에게 경험적으로 지지되는 개입방법인 ‘분노대처 프로그램’을 적용하는 데 필요한 정보와 임상적 도구를 제공한다. 프로그램을 다양한 상황에 적용하고 학생의 결과를 최적화시키기 위한 많은 실질적 대안들이 제공되며, 복사 가능한 유인물과 프로그램 양식, 부모 편지 등도 함께 소개하고 있다.",387쪽,Topic #1,0.7791115309452623
분노,분노 사용하고 놓기,11가지 분노 유형과 분노의 효과적 사용,"로날드 포터-에프론 저자(글), 페트리샤 포터-에프론 저자(글), 정재용 번역, 명화숙 번역",하나의학사,2020년 09월 21일,"19,000원",10.0,https://contents.kyobobook.co.kr/sih/fit-in/200x0/pdt/9791185696928.jpg,황홀감 편집증 격분 분개 수치심 역자 서문,인문,"『분노 사용하고 놓기』는 〈잠복성 분노 유형〉, 〈폭발적 분노 유형〉, 〈만성적 분노 유형〉 등 11가지 분노 유형과 분노의 효과적 사용에 대한 내용이 수록되어 있다.",316쪽,Topic #3,0.6951598138761272
분노,분노 내려놓기,마음챙김과 연민을 통한 분노 치유,"제프리 브랜틀리 저자(글), 한기연 번역",시그마프레스,2016년 06월 20일,"15,000원",10.0,https://contents.kyobobook.co.kr/sih/fit-in/200x0/pdt/9788968667442.jpg,인간관계 감정 숙고 약화 명상 훼손,인문,『분노 내려놓기』는 마음챙김 전문가인 제프리 브랜틀리 박사가 스트레스 감소(MBSR)와 연민 수련으로 분노 문제 해결을 제시해주는 책이다. 분노뿐 아니라 두려움이나 적대감과 같이 우리에게 버거운 감정들을 보다 능숙하게 다룰 수 있는 방법을 제시한다.,304쪽,Topic #3,0.771037072850932
분노,분노의 포도 생쥐와 인간,(월드북  166),"스타인벡 저자(글), 노희엽 번역",동서문화사,2011년 11월 11일,"16,200원",9.17,https://contents.kyobobook.co.kr/sih/fit-in/200x0/pdt/9788949707259.jpg,레니 이주한 낙원 자경단 장편소설 최고 걸작,인문,"『분노의 포도 생쥐와 인간』은 퓰리처상, 노벨문학상으로 빛나는 미국현대문학의 상징 존 스타인벡의 대표작을 수록한 책이다. <분노의 포도>는 경제대공황 시기 오클라호마에서 가뭄과 노동의 기계화에 의해 일터를 빼앗기고 쫓겨나 낙원 건설을 꿈꾸며 캘리포니아로 이주한 조드 집안의 고뇌와 분노를 묘사한 작품이다. <생쥐와 인간>은 희곡적 특성이 두드러지는 걸작소설로, 육체적 정신적으로 상반되는 조지와 레니라는 두 이주노동자의 우정과 애환, 낙원에 대한 희망과 좌절 같은 인간적인 감정을 담아냈다.",712쪽,Topic #1,0.8015260106036386
분노,천사의 분노,개정판,"시드니 셀던 저자(글), 김시내 번역",문학수첩,2011년 10월 10일,"12,150원",9.17,https://contents.kyobobook.co.kr/sih/fit-in/200x0/pdt/9788983924193.jpg,유명 작가 반열 작품,소설,인간을 파국으로 이끄는 욕망을 그려낸 장편소설 『천사의 분노』. 이 책은 주인공 제니퍼 파커가 멈출 줄 모르는 욕망 속으로 뛰어들면서 벌어지는 일들을 격정적인 문체로 담아내고 있다. 저자인 시드니 셀던을 유명 작가의 반열에 오르게 만들어 준 작품이다.,655쪽,Topic #1,0.6906804631519975
분노,어떻게 분노를 다스릴 것인가?,평정심을 찾고 싶은 현대인을 위한 고대의 지혜 (아날로그 아르고스  1),"제임스 롬 엮음, 안규남 번역, 세네카 저자(글)",아날로그(글담),2020년 12월 15일,"10,800원",9.42,https://contents.kyobobook.co.kr/sih/fit-in/200x0/pdt/9791187147626.jpg,아르고스 고대 철학자 고대 철학 칼리굴라 프린스턴 장기간 지속,인문,"‘현대 독자가 질문하고 고대 철학자가 답하다!’프린스턴대 ‘현대 독자를 위한 고대의 지혜’ × 아날로그 아르고스 시리즈. 어떻게 분노를 다스릴 것인가? 어떻게 정신의 자유를 얻을 것인가? 어떻게 나이 들 것인가? 어떻게 죽음을 맞이할 것인가? 진실된 우정은 어떻게 쌓을 수 있으며, 열린 마음을 유지하려면 어떻게 해야 하는가? 때때로 사람들은 먹고사는 문제를 벗어나 근본적으로 더 나은 삶을 위한 질문을 던질 때가 있다. 그렇다면 이런 질문에 대한 답은 어디서 구할 수 있을까? 아날로그 아르고스 시리즈는 그 답을 고대 철학에서 찾는다. 이 시리즈는 프린스턴대학교 출판부가 기획하고 고전 철학의 저명한 학자들이 세네카, 키케로 같은 고대 철학자의 삶과 글에서 찾아낸 지혜를 엮은 〈현대 독자를 위한 고대의 지혜 시리즈〉를 우리말로 옮긴 것으로, 독자들은 이 책을 통해 2,000년이 흘러도 여전히 유의미한 인생의 기술을 만날 수 있다. 《어떻게 분노를 다스릴 것인가?》는 아날로그 아르고스 시리즈의 첫 책이다. 칼리굴라와 네로 치하에서 분노가 어떻게 개인과 사회를 위험에 빠뜨리고 파멸시키는지를 지켜본 세네카의 《화에 대하여》를 발췌 번역하고, 현대 독자들이 이 책을 어떻게 읽어야 할지 방향성을 제시하며 친절한 해설을 덧붙였다. 장기간 지속되고 있는 코로나 시대, 우울을 넘어 분노 사회로 향해가는 지금이야말로 우리가 고대 로마 철학자의 말에 귀를 기울일 때가 아닐까?",160쪽,Topic #2,0.8288882354318575
분노,분노 조절이 어려운 아동을 위한 분노 관리 워크북,No book_explain exists,"사만다 스노든 저자(글), 남경인 번역, 김유안 번역, 사라 레바 그림/만화",좋은땅,2020년 03월 25일,"14,400원",10.0,https://contents.kyobobook.co.kr/sih/fit-in/200x0/pdt/9791165362218.jpg,주의력 스스로 감정 이입 학교 친구 대처 침착,인문,"이 책은 아동과 청소년을 위해 분노에 지배당하지 않을 수 있는 여러 가지 방법을 소개하고 있다. 『분노 조절이 어려운 아동을 위한 분노 관리 워크북』에 수록된 다양한 재밌고 쉬운 활동을 통해 스스로와 스스로의 감정에 대해 많은 것을 알 수 있을 것이다. 집이나 학교에 있을 때, 또는 친구와 함께 있을 때 분노에 대처하는 실질적인 전략을 배우며 그다지 반갑지 않은 감정들을 다루는 방법을 터득하고 더 행복한 삶을 사는 방법을 알아보자.",164쪽,Topic #2,0.7856194244477083
분노,분노의 날들,실비 제르맹 장편소설,"실비 제르맹 저자(글), 이창실 번역",문학동네,2016년 10월 07일,"13,320원",9.57,https://contents.kyobobook.co.kr/sih/fit-in/200x0/pdt/9788954642439.jpg,소설 사랑 장편소설 화신 욕망 광기,소설,"프랑스 현대문학의 거장 실비 제르맹의 대표작 『분노의 날들』. 프랑스 모르방 지방의 깊은 산속 마을. 벌목꾼인 모페르튀는 마을 일대의 숲을 소유한 코르볼이 질투에 눈이 멀어 그의 아내 카트린을 죽이는 광경을 목격하게 되고, 그는 그녀의 시신을 보고 광적인 사랑을 느낀다. 그 사건 이후 코르볼에게서 부와 힘을 빼앗아 숲의 주인으로 군림하기 시작한 그는 급기야 죽은 그녀를 다시 자신의 삶으로 불러들일 수 있다고 믿게 되는데….. ☞ 수상내역- 1989년 페미나상 수상",384쪽,Topic #1,0.7709184962349414
분노,분노의 포도 / 생쥐와 인간,(세계문학전집  93),"스타인벡 저자(글), 노희엽 번역",동서문화사,2017년 01월 20일,"12,000원",10.0,https://contents.kyobobook.co.kr/sih/fit-in/200x0/pdt/9788949715582.jpg,노동자 민중 일가 미국 문학 소작인 장편소설,소설,동서문화사 세계문학전집 제93권 『분노의 포도 / 생쥐와 인간』은 이주노동자들의 고난과 애환을 담은 《분노의 포도》와 낙원에의 희망과 좌절을 그린 걸작《생쥐와 인간》이 수록되어 있다.,696쪽,Topic #1,0.7618890916421285
분노,누구도 나를 화나게 하지 않았다,"분노, 짜증, 스트레스 다스리는 법","레너드 셰프 저자(글), 수전 에드미시턴 저자(글), 윤춘송 번역",프롬북스,2022년 08월 30일,"13,320원",0.0,https://contents.kyobobook.co.kr/sih/fit-in/200x0/pdt/9791188167678.jpg,내면 인간관계 감정 연민 요구 명상,자기계발,『누구도 나를 화나게 하지 않았다』는 30여 년간 진행되어온 ‘화 다스리기 워크숍’의 핵심을 담고 있다. 저자에 따르면 우리는 나와 주변에서 일어나는 일을 사실 그대로 보지 않고 과거의 특정 경험이나 습관화된 패턴에 따라 잘못 해석할 경우 화가 치밀어 오를 때가 있다. 또한 나의 ‘충족되지 않은 요구’와 마음속 ‘아픈 곳’이 어느 순간 자신도 모르게 폭발하게 만든다. 결국 화는 내 안에서 일어나는 나의 문제인 것이다.,244쪽,Topic #3,0.7939114874092219
분노,감정을 초월하라,"분노, 질투, 두려움에 대한 오쇼의 명상 강의 (지혜의 연금술  43)","오쇼 강연, 이희문 번역",젠토피아,2019년 09월 05일,"17,550원",10.0,https://contents.kyobobook.co.kr/sih/fit-in/200x0/pdt/9791185151366.jpg,두려움 질투 변형 분노 감상 초대,인문,▶ 동양철학에 관한 내용을 담은 전문서적입니다.,200쪽,Topic #2,0.6780071604417547
분노,화내지 않는 기술,아까운 내 인생 분노 없이 즐기는 성공 습관,"시마즈 요시노리 저자(글), 김혜정 번역",포북(forbook),2011년 04월 20일,"10,800원",0.0,https://contents.kyobobook.co.kr/sih/fit-in/200x0/pdt/9788993418309.jpg,감정 마쓰시타 특효약 고노스케 히데키 넥스트,자기계발,"오늘부터 ‘버럭버럭’ 금지!. 아까운 내 인생 분노 없이 즐기는 성공 습관 『화내지 않는 기술』. ‘화’를 내면 안된다는 것을 알지만 잘 실천할 수 없는게 현실이다. 이 책은 화를 내지 않게 만드는 생활 속 실천법을 제시한다. 자신의 체험을 바탕으로 분노를 극복할 수 있는 극복 프로그램을 만들고 많은 사람들에게 전하고 있는 저자가 강연과 컨설팅 노하우를 바탕으로 화를 내지 않는 실질적인 프로그램을 소개한다. 고난과 실패가 행복에 끼치는 영향, 감정에 속지 않고 잘 다루면서, 버럭버럭하지 않게 만드는 25가지 습관을 쌓을 수 있도록 도와준다. 일본의 베스트셀러이다.. 이 책은 감정이 이성을 속이는 과정을 체계적으로 분석한다. 감정이 눈 앞의 일을 어떻게 좌우하는지, 분노란 감정이 생겨나는 원인은 무엇인지 살펴보면서 감정을 컨트롤할 수 있는 방법을 제시한다. 또한 감정을 다룰 수 있게 되었을 때 오는 긍정적인 영향도 보여주고 있다. 독자들이 실제로 적용할 수 있도록 쉽게 실천할 수 있는 특효약 11가지를 함께 담았다.",263쪽,Topic #3,0.8484310735822589
분노,상실에 대하여,"지금, 깊은 상실을 겪고 있는 당신에게","치마만다 응고지 아디치에 저자(글), 황가한 번역",민음사,2022년 07월 22일,"9,900원",10.0,https://contents.kyobobook.co.kr/sih/fit-in/200x0/pdt/9788937429835.jpg,인간 경험 희망 애도 위로 슬픔 샌프란시스코 크로니클,시/에세이,"코로나 시대, 모두의 상처를 따뜻하게 위로하는 페미니스트 소설가 아디치에의 에세이. 세계적으로 찬사를 받고 있으며 매번 미국 문단을 뜨겁게 달구는 베스트셀러 소설가『엄마는 페미니스트』의 저자 치마만다 응고지 아디치에그녀가 아버지를 잃고 전하는 상실과 슬픔에 대한 화제의 신작 에세이“누군가를 잃는 슬픔은 잔인한 종류의 배움이다” 2020년 여름, 치마만다 응고지 아디치에는 사랑하는 아버지를 잃었다. 그녀는 아버지의 죽음 이후에 이어진 명상, 기억, 그리고 희망의 기록을 이번 『상실에 대하여』 에 담아 발표했다. 팬데믹 시대 속에서 그녀의 아버지는 예기치 않게 신부전 합병증으로 쓰러졌고 그녀는 그렇게 이 시대 코로나 바이러스로 인해 상실의 슬픔에 잠긴 수백만 명 중 한 명이 되었다. 그녀는 아버지의 상실이 어떻게 자신을 무너뜨리는지 특유의 정확한 언어로 묘사한다. 그녀의 슬픔은 가족적이고 문화적인 차원에서 부유하다가 도저히 피할 수 없는 개인적인 외로움과 분노를 맞닥뜨리는 등 혼란과 극심한 고통을 오간다. 전쟁에서 살아남은 아버지, 상대방에게 한번 들은 이야기는 전부 기억했던 아버지, 아버지로부터 비롯된 가족 간의 농담 등 지난 기억과 현재의 슬픔이 교차하는 가운데 자신에게, 그리고 우리에게 이토록 물리적인 고통, 잔인한 공격이 있을 수 있는지 되묻기도 한다.이 책은 지금, 전 세계적으로 함께 상실을 겪고 있는 우리에게 무엇보다 필요한 책이다. 보편적인 인간 경험 중 하나인 ‘상실’에 대해 깊고 솔직하게 파고든 이 책은 독자들을 연결하는 특별한 경험을 선사할 것이다.",116쪽,Topic #1,0.8121875081539319
분노,사육장 쪽으로,편혜영 소설집,편혜영 저자(글),문학동네,2021년 03월 17일,"12,150원",8.5,https://contents.kyobobook.co.kr/sih/fit-in/200x0/pdt/9788954677592.jpg,한국소설 위로 사육장 소설집 신작 소설 집 불안,소설,"“현대사회를 사는 공격적이지 못한 소시민의위로받을 수 없는 불안과 분노의 피해의식을 본다.” _박완서(소설가)단정한 문장을 뚫고 터져나오는 야성적인 목소리14년 만에 새로이 펴내는 초기 편혜영 세계의 압축판20년이 넘는 시간 동안 매서운 존재감을 발휘하며 쉼없이 작품활동을 해온 작가 편혜영의 두번째 소설집 『사육장 쪽으로』를 새로운 장정으로 선보인다. “만약 이 끔찍하고 혐오스러운 하드고어적 이미지들 속에서 기이한 아름다움을 발견할 수 있다면, 그것은 현대 소설 미학의 낯선 차원을 만나는 두근거리는 모험이 될 것이다”(문학평론가 이광호)라는 평을 받은 첫 소설집 『아오이가든』(문학과지성사, 2007)과 “현대사회의 익명성과 인간소외에 대한 고발이라는 익숙한 주제를 다루지만, 그만의 시각과 어조로 그 주제를 완전히 환골탈태했다”라는 평과 함께 제42회 동인문학상 수상작으로 선정된 세번째 소설집 『저녁의 구애』(문학과지성사, 2011) 사이에 놓인 『사육장 쪽으로』는 낯설고 그로테스크한 이미지를 집요하게 묘사하며 작가의 시작을 알린 편혜영의 작품세계가 도시생활에 익숙해진 사람들의 일상을 파고드는 쪽으로 서서히 변화했음을 알려준다는 점에서 편혜영의 소설을 말할 때 빼놓을 수 없는 작품집이다. 더구나 ‘개정판 작가의 말’에서 “아직까지 소설 쓰는 사람으로 지낼 수 있는 것은 그 시절을 지나온 덕분”이라고 밝히고 있듯, 이 소설집이 작가로서의 일종의 터닝 포인트에 해당된다는 점에서 『사육장 쪽으로』는 지금까지 펴낸 11권의 책들 중에서도 특히 독보적인 무게감을 드러낸다. 함께 출간되는 신작 소설집 『어쩌면 스무 번』과 함께 우리는 편혜영의 초기 세계와 아울러 그 세계에서 시작되어 현재에 이른 궤적을 따라가볼 수 있을 것이다.",244쪽,Topic #2,0.832347605338878
분노,"벼랑 끝, 상담",마음의 상처를 치료하기 위한 17명의 상담사례와 30가지 심리치료,"최고야 저자(글), 송아론 저자(글)",푸른향기,2021년 10월 19일,"17,820원",9.59,https://contents.kyobobook.co.kr/sih/fit-in/200x0/pdt/9788967821500.jpg,심리 심리치료 상담소 연애상담 심리상담 인지치료,인문,"묻지마살인을 벌이려던 청년, 아빠의 성추행으로 남자를 혐오하게 된 여자, 귀신을 보는 아이, 동생을 죽이고 싶다는 형, 친구를 칼로 찌른 남자, 피해망상에 걸린 아내, 학교 선생님을 우리 아빠라고 하는 여자, 가스라이팅을 하는 여자 친구, 고부갈등과 부부상담….이들은 어떤 사연으로 상담소에 오게 된 걸까?심리상담소에서 펼쳐지는 리얼한 상담 스토리.17명의 상담 사례와 30가지 심리치료 기법을 소개한다.『벼랑 끝, 상담』은 모자가 함께 쓴 사례집이다. 아들은 작가이고, 어머니는 상담소 원장이다.아들은 심리 질환을 가지고 있는 사람은 평생 괴로워하며 사는 줄 알았다.사귀던 여자 친구가 터널이 무너질 거 같다며 뛰어갈 때도 ‘저런 여자랑 어떻게 결혼을 하지?’란 생각부터 한 사람이다. 그래서 보기 좋게 차였다. 하지만 심리상담을 공부하면서 편견이 사라졌다.불우한 환경에 산다고 해서 모두가 나쁜 길을 가는 건 아니다.하지만 연쇄살인범들은 하나같이 불우한 환경에 살았다.왜 그런 것일까?우리가 이해할 수 없는 행동과 말을 하는 사람들.폭력적이며 위태로운 삶을 사는 사람들.무기력과 우울증에 빠져 아무것도 하지 않으려는 사람들.이들은 왜 이렇게 변한 걸까?사례를 통해 심리증상에 관한 원인과 치료방법을 이야기한다.동시에 여러분들에게 있는 편견을 벗긴다.누구도 알지 못했던 ‘진짜 심리상담’의 세계로.* 이 도서는 텀블벅 프로젝트를 통해 1천여 후원자들의 지지를 받은 책입니다.",488쪽,Topic #2,0.8011993670152102
분노,모든 소년이 파랗지는 않다,No book_explain exists,"조지 M. 존슨 저자(글), 송예슬 번역",모로,2022년 12월 05일,"15,300원",10.0,https://contents.kyobobook.co.kr/sih/fit-in/200x0/pdt/9791197559761.jpg,,시/에세이,"2022년 〈타임〉 선정 ‘올해 떠오르는 인물 100인’에 이름을 올린 흑인 퀴어 조지 M. 존슨의 회고록. 그의 첫 책인 《모든 소년이 파랗지는 않다》는 오늘의 뉴스로, 어제의 헤드라인으로 사라져가는 흑인들 사이에서 퀴어라는 정체성을 억눌러야 했던 어린 시절의 이야기가 담겨 있다. 흑인이라서(퀴어라서) 겪어야 했던 폭력, 운동장에서 뛰놀지 않고 여자애들과 줄넘기를 한다고 받던 비난, 퀴어가 아니라고 강하게 부정해야 했던 순간, “게이 자식보다 죽은 자식이 낫다”고 생각하는 사회를 향한 분노, 두렵지만 기뻤던 첫 성관계, 그리고 그를 사랑해준 가족까지. 낮은 곳으로만 흐르는 차별과 배제 속에서 자란 소년의 파랗지 않은 이야기.",256쪽,Topic #1,0.8292438234514676
분노,내 인생의 친구 공황장애,최구원 박사의 ’공황장애‘ 체험수기와 치유이야기,최구원 저자(글),에이원북스,2022년 10월 30일,"14,400원",9.67,https://contents.kyobobook.co.kr/sih/fit-in/200x0/pdt/9791191517286.jpg,극복 방법 불안 철길 발작 혼자 감당 동의수세보원,인문,"‘공황장애’를 친구 삼아 인생 여행을 함께 떠나는 실천방법의 핵심은 무엇인가?. 저자 최구원 박사는 어릴 적 마음의 상처로 생긴 분노, 불안, 공포, 예민함 등과 절친한 친구가 된 적이 있었다. 이들과 시간이 흘러갈수록 더욱 깊은 관계가 형성되었고, 마침내 ‘공황장애’라는 또 다른 친구를 만들게 되었다. 많은 것을 잃게 했던 이 친구 공황장애는 너무나 지긋지긋해서 영원한 이별을 원했지만, 한순간이라도 조화로움을 잊어버리고 살아가는 것 같으면, 어느 때든 어김없이 찾아왔다. “정신 차려”라며 온몸을 회초리로 때리는 것 같은 아픔을 주기도 하였고, 그러고도 정신을 못 차리면 머리, 심장과 숨통을 ‘끊어버리기’라도 하듯이 목을 누르면서 사납게 달려드는 것을 경험했어야 했다. 이처럼 반복되는 ‘공황장애’ 증상들을 겪으면서 저자는 도대체 ‘나에게 왜 이런 일이 생긴 것일까?’라는 물음을 스스로에게 묻게 되었다. 시간이 많이 지난 뒤에서야 모든 원인이 타인이 아닌 나의 내면에 있다는 것을 알았고, 그로 인해 정신적으로 성숙해졌음을 고백하고 있다. 그러면서 ‘공황장애’를 만나기 전까지는 산다는 것은 앞만 보고 열심히 달려가야 하는 것으로, 뒤를 돌아보거나 잠시라도 멈추면 모든 것이 순식간에 사라지는 줄 알았던 자신을 반성한다. 저자는 어릴 적 자신에게 격렬한 감정적 충격을 선사했던 철길과 영화필름을 오버랩 시키면서 철길 위에서 느꼈던 두려움과 공포로부터 시작되는 자신의 인생을 한편의 영화로 각색한다. 철길의 레일의 간격이 조금만 멀어져도 조금만 가까워져도 안 되는 것처럼, 지금까지 살아오면서 삶의 이상과 현실 사이를 오가며 지나침과 부족함으로 인하여 생긴 감정의 부조화로 몸과 마음이 공황상태에 빠지는 것임을 깨닫고 지금은 오히려 자신에게 찾아온 ‘공황장애’를 고마운 친구라고 생각한다. 이 친구는 두려워하거나 무너뜨려서 제압해야 하는 상대가 아니고, 일정한 거리두기를 해가며 아름다운 인생 여행을 함께 떠나는 진정한 동반자를 삼을 수 있다는 생각마저 하고 있다.  이러한 관점에서 지금까지 상영된 ‘내 인생의 친구 공황장애’ 영화를 중간 평을 해본다면, 이 영화의 반전은 ‘공황’의 발작이었고, 아직은 미완성이지만 덕분에 의미 있는 결말을 맺을 수 있을 것이라 본다. 만약에 이러한 부분들이 없었다면 저자는 어린 시절의 삶에 대한 의미와 가치가 무엇인지도 모르고 스스로가 주인공이 아닌 상태의 모습의 삶을 그대로 되풀이하기만 했을 것이다. 그러나 2004년에 찾아온 ‘공황’으로 감사하게도 크지 않는 그의 소박한 삶의 터전 극장에서 직접 드라마의 주인공으로 등장할 수 있게 되었다. 2005년부터 2008년까지 ‘공황발작’이 자주 일어나 심하면 약을 먹었고, 견딜만하면 몸으로 참고 버티는 혹독한 연습을 하며 시간을 보냈다. 그러다가 2009년쯤 되어서야 ‘공황장애’ 영화의 쉽지 않은 배역의 주인공에 대한 역할을 좀 더 잘하기 위해서 8가지의 극복 방법을 찾아서 실천한다. 1. 결코 죽지 않는다는 확신을 가져라!2. 혼자 감당해야 된다고 생각하지 말라!3. 구체적인 계획을 세워라!4. 분노와 원망을 사랑으로 돌려라!5. 잊고 있던 자신의 장점을 찾아라! 6. 감동적인 체험을 만들어라!  7. 숨겨진 내면을 바라보는 용기를 가져라!8. 명상을 통한 변화를 느껴보라!저자는 이 책에서 ‘공황장애’를 친구 삼아 인생 여행을 함께 떠나는 이 노하우를 열심히 알려주고 있다.",220쪽,Topic #3,0.8195774984154247
분노,너의 목소리가 들려,김영하 장편소설,김영하 저자(글),복복서가,2022년 09월 22일,"10,800원",9.17,https://contents.kyobobook.co.kr/sih/fit-in/200x0/pdt/9791191114331.jpg,한국소설 고아 증언 폭주 폭주족 슬픔,소설,"버려진 존재들의 분노와 슬픔『너의 목소리가 들려』 개정판. 김영하 등단 25주년을 맞이해 시작된 ‘복복서가×김영하 소설’ 시리즈 2차분 6권 가운데 앞서 출간된 『오직 두 사람』 『나는 나를 파괴할 권리가 있다』 『빛의 제국』에 이어 나머지 3종이 모두 출간되었다. 이번에 출간된 소설은 김영하식 슬픔의 미학을 볼 수 있는 『너의 목소리가 들려』, 한국의 이십대 또는 이십대적인 삶을 그려낸 『퀴즈쇼』 그리고 충격적인 첫 소설집 『호출』이다. 작가 스스로 우울에 침잠하여 쓴 고아들의 이야기인 『너의 목소리가 들려』는 버려진 존재들의 삶을 파격적으로 묘사함으로써 그들의 분노와 슬픔 그리고 취약성을 보여주며, 이와 동시에 구성원에 대한 돌봄을 수행하지 못하고 붕괴해가는 사회구조를 드러낸다. 이번 개정판에서는 대폭주가 사라진 시대에서의 감회를 담은 ‘작가의 말’을 새로 실었다.",300쪽,Topic #1,0.7774901314105138
분노,당신의 기분과 삶을 조절하는 방법,No book_explain exists,"Matthew McKay 저자(글), Martha Davis 저자(글), Patrick Fanning 저자(글), 장창민 번역, 최의헌 번역, 전수경 번역, 이숙현 번역",북스타,2022년 09월 07일,"21,600원",10.0,https://contents.kyobobook.co.kr/sih/fit-in/200x0/pdt/9791188768554.jpg,분노 조절 교양심리 긴장 완화 마음챙김 민감 시각화,인문,"《Thought and Feelings》 개정판. 더 효과적인 방법론을 포함하고 현대 관행의 변화를 반영하여 개정되었으며, 기분을 바탕으로 한 문제에 대한 다단계 치료 계획을 제공한다. 이러한 계획은 각 장애에 대한 일련의 관련 장과 기술을 보여 주기 위해 1장에 요약되어 있다.",352쪽,Topic #2,0.7760557576685866
분노,유리멘탈을 위한 감정 수업,사소한 일에도 상처받고 예민해지는,이계정 저자(글),한밤의책,2022년 01월 18일,"13,500원",9.44,https://contents.kyobobook.co.kr/sih/fit-in/200x0/pdt/9791191731156.jpg,사랑 감정 우울 멘탈 슬픔 불안,자기계발,"당신은 사실 유리멘탈이 아니다!그저, 감정을 다룰 줄 몰랐을 뿐.. 사소한 말 한마디에 신경 쓰다 잠 못 들 때, 나도 모르게 자꾸만 부정적으로 생각하게 될 때, 무례한 사람 앞에서 싫다 하지 못하고 움츠러들 때…. 우리는 나도 모르게 자신을 탓한다. ‘나만 왜 이렇게 약한 걸까? 이건 다 내 유리멘탈 때문이야!’라고. 그러나 마음은 원래 약하지 않다. 잠시 약해진 것뿐이다. 불안, 우울, 분노 등과 같은 견디기 어렵게 느껴지는 감정은 단지 지금 내게 필요한 걸 말해주는 마음속 내비게이션일 뿐이고, 금세 지나가는 손님에 불과하다. 왜 우울하냐고, 불안하냐고, 슬프냐고 탓하거나 외면하고 도망치는 행동이 오히려 마음을 부서트리는 주범이다. 책 《유리멘탈을 위한 감정 수업》에는 감정에 숨겨진 ‘진짜 메시지’를 읽는 법, 불편한 감정을 보다 편안하게 마주하는 법, 지금보다 훨씬 단단한 마음으로 살아가는 방법들이 담겨 있다. 이 책에서 말하는 좋은 심리 습관을 하나하나 익혀가다 보면 작은 일에도 상처받고 예민해지던 마음이 어느덧 ‘이까짓 일이야!’ 하며 웃어넘길 정도로 단단해져 있을 것이다.",240쪽,Topic #1,0.8282014388096229
분노,프랑켄슈타인(초판본)(1866년 오리지널 초판본 표지디자인),양장본 HardCover,"메리 셸리 저자(글), 구자언 번역",더스토리,2018년 07월 30일,"10,620원",9.55,https://contents.kyobobook.co.kr/sih/fit-in/200x0/pdt/9791159039584.jpg,세계고전문학 장편소설 괴물 공포 소설 영국고전 과학자,소설,"신의 뜻을 거스른 인간과 인간이 되고 싶었던 인조인간의 대립과학 기술의 실패로 인해 초래되는 재앙에 대해 경고하다!. 19세기 영국 낭만주의 시대의 3대 시인 퍼시 비시 셸리의 부인이자 천재적인 여류 작가 메리 셸리의 걸작 《프랑켄슈타인》은 《걸리버 여행기》, 《지킬 박사와 하이드》, 《유토피아》 등과 함께 SF?공포 소설의 고전이라 불린다. 흔히 ‘프랑켄슈타인’ 하면 거대한 몸집에 흉터가 있는 얼굴, 관자놀이에 박혀 있는 나사, 섬뜩한 눈빛을 떠올리기 십상이지만, 사실 프랑켄슈타인은 작중에서 괴물을 만든 과학자다. 이 과학자는 오랜 연구 끝에 생명을 불어넣는 기술을 개발하고, 인간의 시체를 가지고 시험 삼아 괴물을 만든다. 하지만 프랑켄슈타인은 자신이 만든 괴물을 보고 놀라서 비명을 지르며 도망쳐 버리고 괴물은 어디론가 사라져 버린다. 괴물은 흉측한 자신의 모습에 환멸을 느끼고 자신을 만든 프랑켄슈타인에게 복수를 꾀한다.1818년 메리 셸리가 맨 처음 이 작품을 익명으로 발표했을 때 그녀의 나이는 불과 스물한 살이었다. 《프랑켄슈타인》은 1931년에 미국 유니버설 픽쳐스에서 영화로 제작돼 더욱 유명해졌다. 오늘날 전 세계인이 떠올리는 프랑켄슈타인의 이미지는 바로 이 영화에서 괴물 역을 맡았던 보리스 칼로프의 인상이 매우 강렬했기 때문이다. 영화에서는 공포영화 장르성에 중점을 두었기 때문에 과학 기술 발달의 재앙과 박애, 신의 뜻을 거스른 것에 대한 비극이라는 원작의 주제에서는 크게 벗어나 원작과는 얼마간의 차이가 있다. 메리 셸리의 장편소설 《프랑켄슈타인》은 우리에게 생각할 거리와 여운을 제시하는데, 특히 작품 후반부에 프랑켄슈타인과 괴물이 만났을 때 괴물이 프랑켄슈타인에게 말하는 대사는 우리에게 과학 기술이 가져온 윤리적, 사회적 문제를 한 번 더 돌아보게 만든다.[줄거리]프랑켄슈타인이라는 젊은 과학자가 생명의 비밀을 알아내고 시체 조각을 모아 생명을 불어넣어 괴물을 만들었다. 그러나 과학자는 자신이 만든 괴물의 모습에 두려움을 느끼고 도망쳐 버린다. 괴물은 자신의 혐오스러운 외모 때문에 사람들에게 공격을 받고 마음에 상처를 입는다. 그래서 괴물은 자신의 창조주 프랑켄슈타인을 복수하기 위해 먼 길을 떠나게 되는데…….",368쪽,Topic #1,0.8206284381013547
분노,프랑켄슈타인,양장본 HardCover,"메리 셸리 저자(글), 이미선 번역",황금가지,2018년 06월 14일,"10,800원",10.0,https://contents.kyobobook.co.kr/sih/fit-in/200x0/pdt/9791158884024.jpg,세계고전문학 프랑켄슈타인 문화 철학 영국고전 과학 소설 매일신문,소설,"인간이 될 수 없는 괴물의 비애와 분노를 통해인류의 추악함과 위선, 모순을 파헤친 19세기 낭만주의 문학의 걸작황금가지 X 스위트 몬스터 콜라보로 다시 태어나다",400쪽,Topic #1,0.7615210824019153
분노,갑자기 폭발하지 않는 기술,어떻게 하면 잔뜩 날 세우지 않고 감정을 조절할 수 있을까?,"니시다 마사키 저자(글), 윤재 번역",갈매나무,2018년 10월 29일,"12,600원",8.75,https://contents.kyobobook.co.kr/sih/fit-in/200x0/pdt/9788993635034.jpg,응급처치 불안 편도체 직장생활 효능감 뇌과학,자기계발,"어떻게 하면 날 세우지 않고 감정 조절을 할 수 있을까?. 절대 날 세우는 일이 없는 성인군자까지는 못 되더라도 남이 불편할 정도로 날을 세우지 않는 사람이 되도록 도와주는 『갑자기 폭발하지 않는 기술』. 저자가 정신과 의사로서 임상 및 교육현장에서 터득한 경험과 뇌과학이나 정신의학과 관련된 연구 지식을 망라해 정리한 책이다. 1장에서는 좋은 정신적 압박과 나쁜 정신적 압박을 구분하고 지나치게 긴장하는 일이 계속 이어지면 어떤 불상사가 일어날 수 있는지 이야기하고, 2장에서는 스트레스 때문에 이성적으로 행동할 수 없는 상황에 이르는 것이 뇌과학과 심리학의 관점에서 어떤 상태인지 알아본다.3장에서는 이성이 잘 제어되지 않을 때 활용할 수 있는 응급 대처법을 소개하고 4장과 5장에 걸쳐 평정심을 잃지 않기 위한 방법과 극심한 스트레스 상황에서도 감정을 조절할 수 있게 만들어주는 생활습관을 설명한다. 6장에서는 원활한 의사소통의 기술을 알아보고, 7장에서는 이 모든 내용을 참고했음에도 감정조절에 실패한 사람을 위해 차후에 활용할 수 있는 반성법을 알려준다.",264쪽,Topic #3,0.8512534714726775
분노,프랑켄슈타인,(을유세계문학전집  67),"메리 셸리 저자(글), 한애경 번역",을유문화사,2013년 12월 30일,"10,800원",9.33,https://contents.kyobobook.co.kr/sih/fit-in/200x0/pdt/9788932403991.jpg,세계고전문학 괴물 웅변 영국고전 실낙원 복수,소설,"2미터가 넘는 거대한 체구의 이름 없는 생명체!. 『프랑켄슈타인』은 저자가 열아홉 살의 놀라운 상상력으로 그려낸 인조인간과 생명 창조를 예고한 사이어스 픽션의 효시가 된 작품이다. 인간의 지식욕과 과학 기술의 해악을 경계하고, 여성의 지위를 대변하는 괴물의 반항과 분노, 웅변, 평등한 관계에 대한 괴물의 절실한 욕망 등을 통해 남녀의 영역, 순종적인 당대 여성상 등 부조리한 현실을 날카롭게 비판하고 있다. 스위스 제네바의 최고 명문 가문에서 태어난 총명한 젊은이 빅터 프랑켄슈타인. 대학에서 2년간 화학 연구에 매진하여 발생과 생명의 원리를 터득한 빅터는 시체와 유골과 동물의 근육과 장기 등을 모아 밤낮없이 작업하여 인간을 완성하고 생명을 불어넣는다. 하지만 그에 대한 두려움과 혐오감을 느껴 도망쳐 버린다. 열병으로 오랫동안 앓아누운 빅터는 동생 윌리엄이 살해되었다는 소식을 듣는다. 더구나 집안에서 딸처럼 사랑받던 하녀 저스틴이 범인으로 지목돼 사형 선고를 받게 되는데…….",306쪽,Topic #1,0.8228725495190115
분노,프랑켄슈타인(교보문고XCUUB 에디션),(리커버:K),메리 셸리 저자(글),문학동네,2020년 11월 03일,"26,820원",9.83,https://contents.kyobobook.co.kr/sih/fit-in/200x0/pdt/8809541534508.jpg,세계고전문학 괴물 외계인 영국고전 공포 소설 복수,소설,"“네모난 행성에서 온 네모난 외계인 ?과 함께 떠나는 유쾌한 SF걸작 여행”천재 작가 메리 셸리가 놀라운 상상력으로 탄생시킨 과학소설의 고전. 김박스랩X교보문고X문학동네의 콜라보레이션으로 탄생한 프랑켄슈타인 한정판 토이북 에디션. 아이작 아시모프의 『아이, 로봇』, 카렐 차페크의 『R.U.R.』 등의 과학소설은 물론, 〈블레이드 러너〉 〈터미네이터〉같은 영화에 이르기까지, 20세기 대중문화사에서 무한 재생산 되어온 SF소설의 선구적 걸작 『프랑켄슈타인』이 김박스랩의 유쾌하고 예술적인 상상으로 재탄생했다. 심플하지만 강렬한 디자인에 고급스러운 후가공을 더한 양장 리커버북과 김박스랩의 상상으로 태어난 FRANK CUUB으로 구성된 박스 패키지는 소장용으로도, 특별한 책 선물로도 좋다.[안내드립니다]* 피규어 도색은 수작업으로 진행되므로 부분적으로 채색이 고르지 않을 수 있습니다.* 금형라인으로 인해 표면이 매끄럽지 않을 수 있으며 접착제의 흔적이 보일 수 있습니다.* 이는 제작과정에서 발생하는 자연스러운 현상으로 교환 및 반품사유가 되지 않으니 확인 후 구매 부탁드립니다.* 작은 부품은 질식의 위험이 있으며 3세 이하 어린이는 사용이 부적절합니다.* 제품의 사용 연령은 15세 이상입니다.",준비중,Topic #1,0.8083943965299649
분노,분노치유,분노의 정체와 분노다루기 13단계,"Les Carter 저자(글), Frank Minirth 저자(글), 이봉희 번역",학지사,2013년 02월 20일,something is wrong,8.75,https://contents.kyobobook.co.kr/sih/fit-in/200x0/pdt/9788999700194.jpg,,인문,"분노의 정체와 분노 다루기 13단계『분노치유』. 이 책은 자녀의 분노를 다루는 법을 함께 제시한 책이다. 총 4부로 구성하여, 분노의 정체부터 다른 감정이 어떻게 분노를 만드는지, 분노에 대한 새로운 통찰을 적용하는 법 등을 알려준다.",327쪽,Topic #1,0.7150839775708421
분노,때려치기 전에 직장인 분노 조절 기술,쓸데없이 화내지 않도록 도와주는 분노조절 심리학,"요코야마 노부하루 저자(글), 최민아 번역",리텍콘텐츠,2018년 06월 04일,"13,320원",9.75,https://contents.kyobobook.co.kr/sih/fit-in/200x0/pdt/9791186151136.jpg,내면 인간관계 상사 부당 직장처세술 감정다스리기,자기계발,"우리는 왜 직장에서 그렇게 스트레스를 받는 걸까요? 왜 직장에서는 화가 나면 참지 못하고 실수를 하거나 때려치게 되는 걸까요? 직장에서는 화를 어떻게 다루어야 할까요? 화는 무조건 나쁜 것이 아닙니다. 화는 무조건 없애야 하는 것도 아닙니다. 화는 우리에게 필요하기 때문에 나는 것입니다. 나의 가치관 또는 내가 양보할 수 없는 영역을 알려주고, 나를 지켜주기 위해 나는 것입니다. 화는 무조건 참을 수도 없고, 참아야 하는 것도 아닙니다. 참기만 하다보면 언젠가는 터질 수밖에 없기 때문입니다. 우리에게 필요한 것은 인내심이 아니라 분노조절 기술입니다. 올바르게 화를 내는 법, 스트레스를 받지 않고 화를 다스리는 법이 필요할 때입니다. 이 책의 저자는 직장에서 순간의 화를 참지 못하고 상사에게 화를 냈다가 좌천되었던 경험이 있습니다. 그 경험 속에서 직장인 분노 조절 기술의 필요성을 깨닫게 되었고, 경험에서 직접 그 기술을 체득하여 책에 담았습니다. 이 책은 언제나 화가 나 있는 상사, 사사건건 참견하는 상사, 말이 계속 바뀌는 상사 등 여러 유형의 상사 대처법부터, 자신이 민폐인지 모르는 동료, 부당한 인사(人事)결과 등 직장에서 화가 날 수 있는 상황에 따른 대처법까지 모두 담고 있습니다. 혼자서는 해결할 수 없었던 직장 생활의 문제들을 이 책과 함께 풀어나가보세요. 화를 참지 못하고 낭패보는 일이 없어지고 직장 생활의 성공은 자연히 따라올 것입니다.",208쪽,Topic #3,0.804403657177167
분노,고대 희랍 로마의 분노론,분노하는 인간 호모 이라쿤두스 연구,손병석 저자(글),바다출판사,2014년 02월 05일,something is wrong,0.0,https://contents.kyobobook.co.kr/sih/fit-in/200x0/pdt/9788955617030.jpg,,인문,"분노하는 인간 호모 이라쿤두스 연구 『고대 희랍·로마의 분노론』. 분노는 한 사회의 건강함을 포착할 수 있는 일종의 도덕적 지표로, 폭력과 테러, 살인 등의 물리적인 폭력을 저지르게 하는 원인이 되기도 하지만, 동시에 정의 실현을 위한 필수적인 감정이기도 하다. 불의로 팽배한 사회에 분노를 느끼지 못한 채 침묵한다면 사회에 부정의만 만연할 수 있기 때문이다.이 책은 이러한 분노의 이중적 측면을 염두에 두고 호메로스 시기부터 헬레니즘 시기까지에 걸쳐 분노의 다양한 속성과 양태에 관해 고대 희랍과 로마 철학자들의 진단과 방책, 그리고 평가를 고찰한다. 그리고 분노라는 감정이 우리의 일상적인 삶과 공적 영역에서 어떤 원인에 의해 발생하고, 또 그것이 개인과 공동체에서 갖는 현실적 의미가 무엇인지 면밀히 분석한다.",560쪽,Topic #2,0.8232788423867193
분노,무엇이 여성을 분노하게 하는가,여성을 바꾸는 분노의 심리학,"해리엇 러너 저자(글), 김태련 번역, 이명선 번역",이화여자대학교출판부,2011년 09월 02일,something is wrong,10.0,https://contents.kyobobook.co.kr/sih/fit-in/200x0/pdt/9788973009305.jpg,,인문,"여성을 바꾸는 분노의 심리학『무엇이 여성을 분노하게 만드는가』. 이 책은 미국의 유명한 심리치료사이자 학자인 저자가 이러한 여성들의 심리 상태를 포착하여 설명한 책이다. 실제로 상담을 나누었던 여성들의 다양하고 일상적인 커뮤니케이션 사례를 중심으로  인간관계, 더 나아가 인생을 바꿀 수 있는 긍정적인 감정 에너지로서의 ‘분노’를 재해석한다. 조화로운 인간관계를 맺기 위한 전환점으로서 우리의 분노를 어떻게 활용해야 하는지 다양한 사례 분석과 전문적인 해설을 통해 구체적인 지침과 방향을 만나볼 수 있다.",240쪽,Topic #2,0.8121809813653915
분노,분노란 무엇인가,"고대 그리스부터 현대까지, 분노를 해석하는 12가지 담론","바버라 H. 로젠와인 저자(글), 석기용 번역",타인의사유,2021년 08월 25일,"13,500원",9.5,https://contents.kyobobook.co.kr/sih/fit-in/200x0/pdt/9791136283689.jpg,감정 누스바움 아리스토텔레스 정서 데카르트 본능,인문,"“어쩌다 우리는 다양한 감정과 행동에 ‘분노’라는 이름표를 똑같이 붙이게 됐을까?”철학, 종교, 인류학, 사회학, 신경과학 등을 넘나들며 찾아낸,우리의 삶을 지배하는 12가지 분노 담론. 고대 그리스 철학부터 현대 신경과학에 이르는 방대한 연구 속에서, 우리 삶을 지배하는 분노의 의미를 추적해 12가지 담론으로 엮었다. 저자는 분노를 크게 3가지 관점으로 나누는데, 부처, 세네카, 마사 누스바움 등 분노를 절대적으로 반대해온 계보, 아리스토텔레스, 데카르트, 루소 등 분노의 긍정적 영향력을 인정해온 계보, 그리고 현대 신경과학자와 사회구성주의자처럼 분노를 인간의 타고난 자연스러운 본능으로 여긴 계보로 체계화해 정리했다.학문과 분야를 넘나들며 전방위적으로 살펴보는 이 지적 여정을 통해, 우리는 분노가 어떻게 기능하는지, 각각의 정서 공동체에서 어떤 차이를 보여왔는지, 그리고 어떤 분노 담론이 지금 우리에게 지배적인 영향을 끼치고 있는지를 심도 깊게 이해할 수 있다.",284쪽,Topic #2,0.8056550913658063
분노,분노는 나의 힘,에너지를 업시키는 분노관리법,"아니타 팀페 저자(글), 문은숙 번역",북폴리오,2008년 09월 01일,something is wrong,7.98,https://contents.kyobobook.co.kr/sih/fit-in/200x0/pdt/9788937832345.jpg,,인문,"화를 삼켜온 당신, 이제 분노를 환영하라~에너지를 업UP 시키는 분노관리법!. 『분노는 나의 힘: 에너지를 업UP 시키는 분노관리법』. 인간의 마음을 입체적으로 조망, 몸과 마음을 겪는 다양한 문제들에 대해 살펴보는 ‘마인드 북스’ 시리즈의 여덟 번째 도서이다. ‘분노’라는 테마를 다소 유머러스한 일러스트와 풍부한 사례, 실용적인 팁들을 더해 흥미롭게 읽을 수 있게 구성하였다.사실 분노는 사람이 살아있다는 건강한 신호라 할 수 있다. 하지만 분노를 억누르고 방치하면 문제가 생긴다. 그렇다고 분노를 마구잡이로 방출할 수도 없다. 그렇다면 어떻게 해야 할까? 이 책은 훈련과 사례를 통해 분노를 일으키는 원인을 파악하고, 분노에 대처하는 법을 제시한다.. ☞ 이런 점이 좋습니다!‘분노’는 나이가 들어도 쉽게 대처하기 어려운 감정입니다. 저자가 직접 치료하면서 경험한 수많은 사례들을 통해 우리는 분노를 어떻게 관리할 수 있는지를 간접적으로 느낄 수 있습니다. 실생활에 도움이 될 만한 정보들을 통해 분노를 적절하게 대처할 수 있는 법을 배울 수 있습니다.",227쪽,Topic #1,0.7760146807819674
분노,성숙한 리더의 품격 있는 분노,리더의 폭발적인 분노는 조직을 와해하는 위험요소다!,부경미 저자(글),스노우폭스북스,2020년 10월 29일,"13,500원",8.13,https://contents.kyobobook.co.kr/sih/fit-in/200x0/pdt/9791188331963.jpg,부정 잡스 반격 표출 폭력 기업 내부,자기계발,"리더의 폭발적인 분노는 조직을 와해하는 위험요소다!“300만 달러 복권에 당첨된 그는 상사의 책상에 왜 똥을 쌌을까?”. 이 책은 비즈니스 현장의 리더, 즉 조직 관리를 맡고 있는 팀장급 이상 현장 관리자에게 지혜롭게 화내는 방법을 제시한다. 아무리 좋은 의도라도 분노로 응집된 감정이 정제되지 않고 그대로 노출됐을 때 메시지는 사라지고 거칠고 폭력적인 분노의 감정만 전해진다. 이런 비생산적인 분노 패턴에서 벗어나는 방법을 알려준다. 부정적인 감정을 지혜롭게 관리하는 리더는 조직구성원에게 심리적 안정감을 주어 조직의 성과에도 긍정적인 영향을 미친다. 하지만 늘 성과 중심의 업무 책임을 진 간부는 치밀어 오르는 불만에 누구보다 더 많이 노출될 수밖에 없다. 조직에서 리더가 직원에게 부적절한 방식으로 분노를 표출하면 성과를 내기 위한 도전보다 습관적이고 보편화된 업무를 지양하게 되기에 발전은 어렵다. 책에서는 리더의 적절하지 않은 분노 표출이 조직과 비즈니스에 어떤 부정적인 결과를 초래하는지를 살펴보고, 리더의 화를 조직의 득으로 작용하게 만드는 스킬과 방법을 제시한다. 책은 현실적인 상황 예시와 실제 대화 내용을 담아 낸 구성으로 메시지 전달을 강조하였다. 화를 지혜롭게 표현하고 나아가 그 감정을 긍정의 에너지로 활용하는 데 실마리를 담기 위한 고안이다.",284쪽,Topic #2,0.8160639373109521
분노,IFS를 통한 분노 치유하기,분노의 소인격체 클리닉,"Jay Earley 저자(글), 이진선 번역, 이혜옥 번역",학지사,2014년 10월 20일,"12,000원",10.0,https://contents.kyobobook.co.kr/sih/fit-in/200x0/pdt/9788999704963.jpg,의절 조견표 공격성 결로 회기 격분,인문,『IFS를 통한 분노 치유하기』는 IFS 치료사와 임상가를 위한 책이다. 정신세계의 IFS 관점과 IFS 방법에 대한 지식을 전제로 하고 있다. 또한 IFS를 훈련받지 않은 치료사 혹은 IFS 모델을 새로이 접하는 사람에게도 유용할 수 있도록 기본 IFS 개념이 정의된 용어 해설을 부록으로 추가하였다.,101쪽,Topic #2,0.7194931945523824
분노,분노는 세상을 어떻게 지배했는가,"기억하라, 분노하라 그리고 행동하라","패터 슬로터다이크 저자(글), 이덕임 번역",이야기가있는집,2017년 05월 10일,something is wrong,9.0,https://contents.kyobobook.co.kr/sih/fit-in/200x0/pdt/9791186761120.jpg,,인문,"분노는 어떻게 역사를 이끌었는가?. ‘철학계의 악동’으로 평가받는 독일을 대표하는 세계적인 철학자 페터 슬로터다이크의『분노는 세상을 어떻게 지배했는가』은 역사에 대한 새로운 해석을 내놓았다. 바로 ‘분노’라는 키워드로 역사의 변화를 고찰하는 것이다. 호머의 일리아드의 첫 구절에 등장한 분노를 시작으로, 어떻게 대중을 이끌고 역사를 변화시켜왔는지 그리고 권력자들은 분노를 어떻게 이용해왔는지를 볼 수 있다.본서는 기나긴 역사를 통해 ‘지금 분노는 어떻게 표출되고, 어떻게 이용하고 있는가’에 대한 질문을 던진다. 호머의 《일리아드》의 첫 구절에 분노라는 단어가 등장한 후, 분노를 조직적으로 활용하며 전환기를 맞이한 역사는 지금 통제할 수 없는 적개심으로 가득 찬 이슬람의 분노로 드러나고 있다. 이 책을 읽고 나면 우리는 역사를 그리고 현재를 다른 시각으로 보게 될 것이다.",424쪽,Topic #3,0.7706989524931659
분노,"나 요즘, 분노 조절 장애인가?",자꾸만 울컥하는 당신의 분노 조절을 도와줄 치유의 심리학,공진수 저자(글),팜파스,2015년 11월 05일,something is wrong,0.0,https://contents.kyobobook.co.kr/sih/fit-in/200x0/pdt/9791170260509.jpg,,인문,"분노, 더 이상 휘둘리지 말고 지배하라!. 언제부터인가 여기 저기에서 자신이 ‘분노 조절 장애’인지 고민하는 사람들이 늘어나기 시작했다. 그리고 하루가 멀다하고 뉴스나 각종 매체에서는 분노를 과격하게 표출하는 사람들이 저지른 범죄들이 보도된다. 조금만 자신에게 피해를 준다고 생각하면 보복을 하거나, 사회에 쌓인 분노를 일면식도 없는 누군가에게 폭력으로 표출하는 모습들이 어느새 엔가 익숙해져서 두렵기까지 하다. 이렇듯 거창하게 자신이 분노했다는 것을 표출하는 사람들도 있지만, 그저 가슴속에 분노를 끌어안고 혼자 하루에도 열두 번씩 울컥하는 사람들도 많다. 정확히 무엇 때문에 화가 나고 자꾸 분노하게 되는지 모르겠어서 답답함을 느끼기도 한다. 이유를 알 수 없는 분노를 잘 조절하지 못해서 사람들과의 관계에 손상이 가기도 하고, 생활에 어려움을 겪을 수도 있다. 이 책은 분노에 지배당하지 않고 조절할 수 있는 컨트롤러가 되는 방법에 대해 실제 사례와 심리학 지식을 결합하여 조언한다. 저자는 자신의 분노 아래 숨겨진 욕구를 제대로 파악하고 자아와 진실되게 마주할 때 분노 조절 장애에서 벗어날 수 있다고 말한다. 또한 자신뿐만 아니라 내 주위 사람들 중에 분노 조절 장애가 의심되는 사람이 있다면 적용시켜 보고, 함께 분노의 늪에서 벗어날 수 있는 계기가 될 수 있는 책이다.",240쪽,Topic #1,0.8114834355283781
분노,고대 희랍 로마의 분노론,분노하는 인간 호모 이라쿤두스 연구,손병석 저자(글),바다출판사,2013년 09월 02일,something is wrong,0.0,https://contents.kyobobook.co.kr/sih/fit-in/200x0/pdt/9788955616767.jpg,,인문,"고대희랍·로마의『분노론』. 이 책은 분노라는 하나의 감정이 우리의 일상적인 삶과 공적 영역에서 어떤 원인에 의해 발생하고, 또 그것이 개인과 공동체에서 갖는 현실적 의미가 무엇인지 고대 희랍과 로마의 철학자들의 원전 텍스트에 대한 면밀한 분석을 통해 밝힌 학술 연구서이다.",560쪽,Topic #2,0.7986491873323432
분노,분노치료 워크북,"화 다스리는 법 분노조절, 문제해결중심 & 심리사회대인관계기술훈련",류창현 저자(글),교육과학사,2015년 03월 30일,something is wrong,10.0,https://contents.kyobobook.co.kr/sih/fit-in/200x0/pdt/9788925409283.jpg,,인문,"다양한 심리치료기법들을 통해 현대인은 자신은 분노를 인지하고, 분석하고, 통제하고, 그리고 다스릴 수 있는 문제해결중심(Problem Solving Focus)으로서의 자기분노조절(Self Anger Management), 자기분노치료(Self Anger Therapy) 및 심리사회대인관계기술훈련(Psychological Social Interpersonal Skills Discipline) 등을 학습하고 시연하는 것이 본 저서의 주요 목적이다.",572쪽,Topic #1,0.8049963455613695
분노,소리와 분노,(세계문학전집  103),"윌리엄 포크너 저자(글), 공진호 번역",문학동네,2013년 01월 01일,"14,400원",9.75,https://contents.kyobobook.co.kr/sih/fit-in/200x0/pdt/9788954620253.jpg,세계고전문학 소설 작법 맥베스 영미소설 소설가 미국소설,소설,"윌리엄 포크너 최고의 걸작!. 실험적인 서술 기법, 강렬한 시각적 언어로 20세기 현대문학의 지형을 뒤바꾼 윌리엄 포크너 최고의 걸작 『소리와 분노』. 저자 윌리엄 포크너는 평생에 걸쳐 남부의 역사와 가치를 재구축하고, 남부의 실재를 재구성하는 데 많은 노력을 기울였고, 자신의 역사에 상상력을 덧붙여 남부사회의 축소판인 요크나파토파 카운티라는 소우주를 창조해냈다. 그리고 이 소우주 속에 구현된 《소리와 분노》를 통해 아름다움과 절망, 파괴와 창조의 세계를 펼쳐나간다.이 책은 가공의 땅 제퍼슨의 대지주 가문 콤슨가를 통해, 남북전쟁에서 패한 이후 남북사회가 경제적·정신적으로 와해되고 타락해가는 모습을 입체적으로 묘사한 소설이다. 의식의 흐름, 분열된 서술, 다수의 서술 관점, 상충하는 관념들을 통한 시간과 과거의 구성 기법이 윌리엄 포크너 특유의 강렬한 시각적 언어로 구현되어 있다.",464쪽,Topic #1,0.8051638911964102
분노,분노를 다스리는 붓다의 가르침,나를 괴롭히는 적들을 바르게 인식하고 현명하게 대처하는 방법,"샤론 샐즈버그 저자(글), 로버트 서먼 저자(글), 윤서인 번역",담앤북스,2014년 11월 03일,"13,500원",7.86,https://contents.kyobobook.co.kr/sih/fit-in/200x0/pdt/9788998946364.jpg,자애 자기혐오 티베트 라마 편집증 외부,인문,"이 책은 붓다의 가르침과 명상법을 바탕으로 분노의 실체를 들여다보고 현명하게 대응하는 방법을 전한다. 미국에서 30년 넘게 불교와 명상 수행법을 전파해온 샤론 샐즈버그와 서양인 최초로 14대 달라이 라마에게 비구계를 받은 불교학 교수 로버트 서먼이 함께 저술했다. 저자들은 고대 티베트불교의 가르침을 토대로 우리를 괴롭히는 적을 네 가지로 분류한다. 바로 외부의 적, 내부의 적, 은밀한 적, 가장 은밀한 적이다. 외부의 적은 우리를 괴롭히고 절망케 하는 개인과 일들이다. 내부의 적은 편집증적 욕망·분노·질투·자만 들이다. 은밀한 적은 우리 마음 더 깊은 곳에 숨은 ‘자기 집착’을 말한다. 마지막으로 가장 은밀한 적은 뿌리 깊은 ‘자기혐오’다.",288쪽,Topic #2,0.789380216478518
분노,분노 죄책감 수치심,다루기 힘든 감정들과 친구 되기,"리브 라르손 저자(글), 이경아 번역",한국NVC출판사,2021년 04월 05일,"13,500원",7.5,https://contents.kyobobook.co.kr/sih/fit-in/200x0/pdt/9791185121321.jpg,욕구 나침반 탐구 과정 여유 공간 풍요 대응 방식,인문,"ㆍ 다루기 힘든 감정들과 비폭력대화로 친구 되기분노, 죄책감, 수치심은 낯익으면서도 까다로운 감정들이다. 하루에도 몇 번씩 우리 마음에 찾아오니 낯익고, 어떻게 다루어야 할지 모르니 까다롭다. 이 감정들을 자주 느끼는 데에는 이유가 있다. 우리가 옳고 그름, 적절함과 부적절함, 정상과 비정상을 따지는 사고방식에 그만큼 익숙하기 때문이다. 수치심과 죄책감은 우리가 뭔가 잘못을 저질렀으며 그렇게 행동해서는 안 되었다는 생각에 의해 촉발된다. 죄책감이나 수치심을 없애려 하면, 우리의 초점이 다른 사람한테서 잘못을 찾아내려는 쪽으로 바뀌어 화가 나게 된다. 이렇게 서로 얽혀 빙빙 도는 데다 어릴 때부터 분노ㆍ수치심ㆍ죄책감을 느끼는 일이 잘못이라고 배웠기 때문에, 우리는 그것들을 피하려고 애쓴다. 하지만 다루기 까다롭다고 회피하면 우리는 소중한 기회를 잃고 만다. 분노, 죄책감, 수치심은 우리가 더 풍요로운 삶을 살 수 있도록 돕는 신호가 될 수 있다. 이들 뒤에는 우리의 욕구가 있다. 이 감정들에 주의를 기울이면, 우리는 그것들을 변형시켜 우리 안에 있는 욕구와 더 깊이 연결할 수 있게 된다. 이 탐구 과정에 크게 도움이 되는 것이 바로 욕구의 언어인 비폭력대화이다.ㆍ ‘욕구 나침반’ 활용하기저자는 이 책에서, 다루기 힘든 감정들을 탐구하는 데 쓸 도구를 제공한다. 바로 ‘욕구 나침반’이다. 다루기 힘든 감정을 만났을 때 우리는 물러나거나, 자신을 비판하거나, 저항하거나, 다른 사람을 공격하는 식으로 대응한다. 이 대응 방식을 나침반의 네 방향에 각각 배치한 것이 욕구 나침반이다. 욕구 나침반의 네 방향 가운데 하나로 대응하는 일이 삶에서 반복적으로 일어난다는 사실을 자각할 때, 우리는 예컨대 수치심을 없애려고 애쓰는 대신에 네 방향 전략 각각을 자신의 욕구로 되돌아가야 한다는 신호로 인식할 수 있게 된다. 수치심은 그 뒤에 있는 욕구와 연결하지 않는 한 어떤 모습으로든 우리를 따라다닌다. 우리가 필요로 하는 것에 대한 메시지로 수치심을 이해해야만 그것은 변형되고 풀릴 수 있다. 그리고 그럴 때 우리는 선택할 수 있는 여유 공간을 더 많이 확보할 수 있게 된다. 다시 말해서, 그만큼 우리 삶이 풍요로워질 수 있는 것이다. 저자의 오랜 탐구 과정의 산물인 욕구 나침반을 잘 활용해서, 독자 분들이 다루기 힘든 감정들과 친구 되고 삶을 풍요롭게 할 기회를 더 많이 더 자주 누릴 수 있게 되기를 기대한다.",304쪽,Topic #3,0.8032750398534219
분노,고함과 분노,(열린책들 세계문학  280),"윌리엄 포크너 저자(글), 윤교찬 번역",열린책들,2022년 08월 25일,"15,120원",10.0,https://contents.kyobobook.co.kr/sih/fit-in/200x0/pdt/9788932912806.jpg,남부 인간 실존 서술 기법 가문 미국남부 인칭 시점,소설,"현대 미국 문학의 거장 윌리엄 포크너의 장편소설. 미국 모더니즘 문학의 선구자로서 강렬하고 혁신적인 작품 세계를 구축한 포크너는 〈현대 미국 문학에 강력하고 예술적으로 비할 바 없는 기여를 했다〉는 공로를 인정받아 1949년 노벨 문학상을 수상했다.『고함과 분노』는 포크너의 대표작으로, 몰락해 가는 미국 남부의 명문가 콤슨 가문에 벌어진 일들을 그린 소설이다. 반항적이고 자유분방한 장녀 캐디, 캐디의 일탈과 그녀에 대한 뒤틀린 애정으로 괴로워하는 장남 쿠엔틴, 모든 것을 냉소하며 오직 돈에 대한 집념으로 하루하루를 살아가는 차남 제이슨, 선천적으로 지적 장애를 가지고 태어난 막내 벤지. 돌이킬 수 없는 일들과 기억들을 저마다의 시선으로 재구성하며 시간 속에서 울부짖고 몸부림치는 인물들. 콤슨가 사 남매의 비극을 통해 서서히 무너져 내리는 남부 사회의 실상과 인간 실존의 비극성을 파고든 이 작품은, 강렬하고 파격적인 서술 기법으로 20세기 현대 문학사를 뒤흔든 걸작으로 손꼽힌다.. ☞ 선정 및 수상내역- 1949년 노벨 문학상 수상 작가- 노벨 연구소가 선정한 <세계문학 100선>- 미국 대학 위원회 선정 SAT 추천 도서- 하버드 대학 서점이 뽑은 <잘 팔리는 책 20>- 『타임』지 선정 <100대 영문 소설>- 모던 라이브러리 선정 <20세기 영문 소설 100선>- 서울대학교 선정 <동서 고전 200선>- 연세대학교 권장 도서 200선- 고려대학교 선정 <교양 명저 60선>- 국립중앙도서관 선정 <고전 100선>- 동아일보 선정 <한국 명사들의 추천 도서>",520쪽,Topic #1,0.807828936678441
분노,우리는 왜 분노에서 벗어나지 못하는가,증오의 감옥에서 탈출하기,"Aaron T. Beck 저자(글), 김현수 번역, 이용석 번역, 신윤미 번역, 김인명 번역, 김성수 번역",학지사,2018년 03월 15일,"20,000원",10.0,https://contents.kyobobook.co.kr/sih/fit-in/200x0/pdt/9788999715099.jpg,폭력 정치 집단 증오 이기주의 개인 사이 향산,인문,"“자신에게 일어나는 인지왜곡을 이해하면 분노는 충분히 조절가능하다” 인지치료의 창시자 아론 벡의 이 책은 그가 전문가들을 대상으로 하지 않고, 일반 대중을 향해 쓴 몇 권 안되는 책 중 하나입니다. 그래서 이 책은 개인 사이에서의 미움, 증오, 학대와 폭력 뿐 아니라 민족, 국가간의 학살과 전쟁까지 광범위하 주제를 다룹니다. 아론 벡이 이 책을 쓰기로 결심하게 된 계기는 개인적인 에피소드에서 출발했다고 하는데요. 아론 벡의 다른 저작에 대한 출판기념회에서, 전혀 알 수 없는 다른 사람이 찾아와서 빈정대기 시작하더니 마침내 폭력을 저지르고 쫓겨난 일이 발생합니다. 아론 벡은 그 사람이 그렇게 분노하게 되는 과정을 곱씹어보면서 사람들의 분노를 추적하게됩니다. 그리고 그 과정에 존재하는 인지적 오류를 발견합니다. “분노에서 시작해 적개심과 증오, 폭력으로가는 과정은 개인과 집단이 동일하다. 그러므로 집단에서 일어나는 폭력도 충분히 예방 가능하다” “교실, 진료실, 상담실, 집단갈등의 현장에서 분노의 인지심리학은 이미 많은 해결책을 제시하고 있다.” 더불어 아론 벡은 분노가 발생하여, 증폭되고, 폭력으로 전환되는 과정은 개인에게서나 집단에게서 큰 차이없이 전개된다는 것을 발견하기도 합니다. 세계대전, 그리고 인종 학살, 민족 간의 분쟁 모두 원시적 사고, 이분법 사고, 과잉일반화, 파국적 예측 등의 인지왜곡이 정치 지도자들에게서 나타나곤 했고, 가정과 교실에서, 그리고 개인의 내면세계에서 일어난다고 보았습니다. 트라우마 가득한 아주 불우한 환경에서 살아오면서 형성된 반사회적 분노와 폭력이 아니라면, 이성과 인지를 회복하는 인지치료를 통해 회복이 가능하다고 아론 벡은 주장합니다. 끝으로 인간의 협동과 이타성, 진보를 향산 심리적 힘은 여전히 이기주의를 압도하므로, 우리는 분노와 폭력이 미치는 영향을 줄이기 위한 인지치료와 인지적 접근을 통해 극복해나갈 수 있다는 인지치료자 특유의 낙관적 희망을 전합니다.",460쪽,Topic #1,0.8143371438339544
분노,분노도 습관이다,화를 못 참는 사람을 위한 마음 사용 설명서,이충헌 저자(글),경향BP,2015년 04월 15일,"11,700원",8.33,https://contents.kyobobook.co.kr/sih/fit-in/200x0/pdt/9788969520678.jpg,인간관계 감정 전두엽 사이코패스 마키아벨리 심혈 관계,자기계발,욱한다고 일이 잘 풀립니까?. 우리는 지금 분노 사회에 살고 있다. 화를 참지 못하고 분노가 폭발해 길거리에서 칼을 휘두르는가 하면 주차 문제로 시비가 붙어 사람을 해쳤다는 뉴스가 종종 보도된다. 많은 사람들이 화를 자주 내면서도 분노를 처리하는 방법에는 익숙하지 않기 때문이다. 화를 쌓으면 병이 된다고 생각해 분노로 발산하지만 저자는 분노를 표현하면 화가 더 쌓이고 나중엔 사소한 일에도 화를 내게 된다고 강조한다. 이 책 『분노도 습관이다』는 분노를 가라앉힌 뒤 차분하게 상대방에게 메시지를 전달하면 감정적인 문제를 피하라고 조언한다. 인간관계의 갈등을 해결하고 행복하게 소통하기 위해서는 분노를 조절할 줄 알고 화를 다스릴 줄 알아야 할 것이다.,240쪽,Topic #1,0.8064919527424869
분노,분노 수업,화를 안고 살아가는 당신에게 인생의 고비에서 우리를 잡아주는 간디의 가르침,"아룬 간디 저자(글), 이경식 번역",세종서적,2017년 08월 31일,"14,400원",9.74,https://contents.kyobobook.co.kr/sih/fit-in/200x0/pdt/9788984076549.jpg,마하트마 지혜 물질주의 인생훈 할아버지 손자,시/에세이,"간디에게서 분노를 배우다. 현대는 ‘분노의 시대’라고 해도 과언이 아닐 정도로 수많은 증오와 갈등으로 가득 차 있다. 상대적인 빈곤과 박탈감에 빠진 청년 세대, 은근한 성차별에 시달리는 여성, 권력에 복종을 강요받는 직장인, 일상적으로 폭언에 노출되는 감정노동자 등 우리는 누구나 살면서 한 번쯤 분노를 겪는다. 빈부 격차뿐 아니라 성차별, 인종차별 등의 불평등과 억압이 범람하는 사회일수록 분노는 더 많이 발생한다. 실상 분노는 자연스러운 감정이지만, 분노는 대개 크고 작은 다툼을 일으키고 인간관계를 망치거나 극단적으로는 범죄로 끝나는 경우도 있기 때문에 부정적인 감정으로 여겨진다. 그러나 공격성을 버리고 마음속에 꾹꾹 눌러 담으려고만 하면 스트레스가 되어 우울증을 유발하기도 한다. 인도의 위대한 사상가 마하트마 간디의 메시지는 현재 우리가 겪는 문제의 근본적인 해결책이 된다. 이 책은 분노를 일으키는 요인이 점점 더 많아지는 사회에서 자신을 잃지 않는 방법뿐만 아니라 분노를 계기로 자신을 변화시키며 더 큰 행복을 발견할 수 있는 방법을 알려준다. 저자 아룬 간디는 ‘위대한 성자’ 간디의 다섯 번째 손자로, 소년 시절 아룬은 할아버지와 함께 생활하면서 분노를 조절하는 법과 분노를 긍정적인 에너지로 바꿔 삶의 원동력으로 삼는 법을 배웠다. 간디는 손자인 아룬에게 모욕감, 증오, 우울, 무력감 등의 감정을 어떻게 극복하여 충만한 삶을 살 수 있는지 열한 개의 인생 지혜를 통해 들려준다. 간디와의 대화 속에서 아룬은 새로운 눈으로 세상을 꿰뚫어보는 방법을 배우는데, 이는 자신뿐 아니라 사랑하는 사람들의 삶을 위해 무엇을 할 것인지 고민하게 한다. 분노를 조절하고, 큰소리 없이 갈등을 해소하고, 자신의 잠재력을 발휘하고, 물질주의의 함정에서 벗어나고, 두려움에 지지 않고 자신의 목소리를 높이고, 자신의 가치를 발견하려는 사람이라면 이 책은 완벽한 필독서가 될 것이다.",320쪽,Topic #1,0.8551698460251222
분노,분노의 포도,(프리미엄 클래식 명작),"존 스타인벡 저자(글), 차성준 번역",글로북스,2010년 08월 20일,something is wrong,0.0,https://contents.kyobobook.co.kr/sih/fit-in/200x0/pdt/9788993554724.jpg,,소설,"존 스타인벡 장편소설 『분노의 포도』. 미국 문학의 걸작으로 꼽히는 이 소설은 작가가 50세 때 발표한 작품으로 그의 원숙함과 포용적인 인생에 대한 이해가 잘 드러나는 작품이다. 대공황을 배경으로 가난한 소작농 일가의 삶에 대한 투쟁과 애환을 다룬 소설이다. 미국 사회 전체의 움직임을 사건들 속에 응집시킴으로써 포괄적인 사회상을 밀도 있게 그려내고, 인간성 회복의 가능성을 추구하고 있다.",214쪽,Topic #1,0.8165016056508947
분노,사자의 제국 19: 사자의 분노,K. 석우 퓨전판타지 장편소설,K. 석우 저자(글),어울림출판사,2013년 10월 04일,something is wrong,0.0,https://contents.kyobobook.co.kr/sih/fit-in/200x0/pdt/9788999203619.jpg,,소설,K. 석우 퓨전판타지 장편소설 『사자의 제국』 제19권 《사자의 분노》편. 사신이라 불리운 절대강자 효원. 절대자의 경지에 올랐지만 사랑하던 그녀를 잃었다. 자신의 전부였던 그녀를 찾기 위해 낯선 세계로 향한다. “앞으로 자네를 제오니스 크로이언이라고 부르겠네.” 운명을 함께하기로 한 동생들과 함께 새로운 삶을 시작한 효원. 사라진 그녀를 찾기 위한 폭풍 같은 질주가 시작된다. “세상을 다 뒤져서라도 반드시 찾아가마.,296쪽,Topic #3,0.7535862666642198
분노,운명과 분노,로런 그로프 장편소설,"로런 그로프 저자(글), 정연희 번역",문학동네,2017년 04월 05일,"16,650원",9.24,https://contents.kyobobook.co.kr/sih/fit-in/200x0/pdt/9788954644860.jpg,사랑 장편소설 소설 곳곳 미국소설 결혼 생활 결혼,소설,"‘결혼’이라는 이름으로 묶인 두 사람이 간직한 비밀과 진실!. 버락 오바마 전 미국 대통령이 《피플》지와의 인터뷰에서 자신이 읽은 2015년 최고의 책으로 뽑아 화제가 되었던 로런 그로프의 최신작이자 대표작 『운명과 분노』. 로토와 마틸드, 두 사람의 이십여 년에 걸친 결혼생활을 통해 사랑과 예술, 창조성과 힘, 거짓과 진실, 그리고 결혼이란 무엇인가에 대한 근본적인 질문을 던지는 작품이다. 창조적 동반자의 관계에 대한 이야기를 전하는 이 소설은 남편 로토의 시선에서 진행되는 전반부 ‘운명’과 아내 마틸드의 시선에서 진행되는 후반부 ‘분노’로 나뉘어 부부의 삶을 각기 다른 관점에서 보여주고 있다.‘로토’라는 이름으로 불리는 행운의 남자, 랜슬럿. 열네 살 때 아버지가 돌연 세상을 떠나며 시련을 맞이한 로토는 마약과 성에 눈뜨지만 어머니가 그를 사립 기숙학교로 보내는 바람에 탈선은 오래가지 못한다. 그곳에서 좀처럼 적응하지 못하던 로토는 연극배우라는 삶의 목표를 찾고 서서히 열정과 자존감을 회복해간다. 대학교에 입학한 로토는 그곳에서 운명의 상대를 만난다. 대학에서 하는 마지막 연극에서 햄릿 역할을 멋지게 해낸 날, 뒷풀이 파티에서 키 크고 매력적인, ‘얼음여왕’이라 불리는 마틸드를 보고 첫눈에 반한 것이다.두 사람은 만난 지 두 주 만에 결혼식을 올린다. 그때 그들의 나이는 고작 스물두 살이었다. 가족도 없는 어린 며느리가 탐탁지 않았던 로토의 어머니는 결혼을 반대하며 경제적 지원을 끊고, 배우를 꿈꿨지만 별 진전이 없었던 로토는 서른 살이 되던 해, 좌절감에 빠져 있다 새벽에 별생각 없이 써내려간 희곡을 보고 드디어 진정한 재능을 찾았다고 기뻐하는 아내의 격려에 힘입어 배우에서 극작가로 진로를 변경하고, 연이어 성공하며 유명 극작가로 이름을 날린다. 좌절과 어려움을 극복하고 마침내 빛나는 사람이 되는 것, 그것이 자신의 운명이라고 로토는 믿었다. 그리고 그 모든 과정에서 그의 든든한 후원자이자 버팀목으로 묵묵히 자리를 지키는 마틸드. 그녀 역시 운명은 로토의 편이라는 징표였다. 그렇게 모든 것이 좋던 어느 날, 로토는 예전에 마틸드가 일했던 아트 갤러리 행사에 초대를 받아 갔다가 아내에 관한 충격적인 이야기를 듣게 되는데…….. 첫눈에 사랑에 빠져 영원한 사랑을 약속한 두 사람의 이야기를 각각 남편의 관점과 아내의 관점으로 나누어 서술한 이 소설은 하나의 시각에서 바라봤을 때는 보이지 않았던 것들, 보는 방향을 달리했을 때에야 비로소 보이는 것들에 대해 우리에게 보여주며 모든 이야기와 모든 관계에는 서로 다른 측면, 서로 다른 관점이 존재한다는 깨달음을 전한다. 저자는 그저 같은 세상을 다르게 본 것이 아니라 처음부터 다른 세상을 살아온 두 사람의 좁혀질 수 없는 간극을 나열하는 데 그치는 것이 아니라, 그 차이를 만들어낸 사회적이고 존재론적 조건들을 탐구하는 데까지 나아가며 독자들에게 자신도 모르는 사이에 거대한 이야기의 파도에 휩쓸리는 강렬한 경험을 하게 만든다.",608쪽,Topic #1,0.8124958693543352
분노,분노의 시대,현재의 역사,"판카지 미슈라 저자(글), 강주헌 번역",열린책들,2018년 06월 15일,something is wrong,9.67,https://contents.kyobobook.co.kr/sih/fit-in/200x0/pdt/9788932919195.jpg,,인문,"아무런 의구심 없이 받아들여 왔던 진보의 역사를 전혀 다른 시각으로 바라보다!. 오늘날 거의 전 세계가 받아들이고 있고, 받아들이길 강요당하고 있는 서구의 세계관에 진지한 의문을 제기하며 한 시대에 이름을 부여하는 문제작 『분노의 시대』. 서구의 근대화가 아시아의 역사에 미친 영향을 독창적인 시각에서 분석하며 우리 시대의 가장 중요한 공적 지식인 중 한 명으로 떠오른 인물인 판카지 미슈라가 문화적 배경이나 개인적인 특질과 상관없이 자신의 이익을 극대화하고 똑같은 것을 열망하라고 부추기는 세계에서 밀려나고 뒤처지고 버림받은 인간이 겪을 수밖에 없는 분노와 증오, 좌절감을 통해 우리 시대가 가진 위기의 본질을 드러낸다.근대 세계가 열리기 시작한 18세기 프랑스 계몽주의 시대로 거슬러 올라갔다가 다시 현재의 역사로 돌아오며 분노의 시대로 규정한 현재의 역사가 근대 세계가 만든 역사의 논리적 결과임을 증명하려 시도한다. 오늘날 터져 나오는 분노의 사회경제적 원인은 근대 세계에 이미 내재해 있던 것이며, 유럽이 19세기에 근대화 과정에서 한 차례 경험한 역사를 오늘날 식민지에서 벗어난 비서구 세계가 뒤늦게 되풀이하고 있는 것일 뿐이라고 주장하면서 이를 증명하기 위해 합리적인 개인이 사익을 추구하는 보편적인 상업 사회에 경외감과 두려움을 느꼈던 근대 지식인들의 다양한 내면의 풍경을 보여 준다.. 빈발하는 잔혹한 테러와 ISIS의 거침없는 질주, 복수심에 불타 반대편을 말살하려는 민족주의와 인종주의, 그리고 소셜 미디어의 여성 혐오에 이르기까지 편집증적 분노의 파고가 전 세계를 덮치고 있다. 저자는 이 책에서 전 세계에서 가공할 테러와 폭력이 벌어지는 원인을 이슬람 근본주의와 종교적 광신도들의 탓으로 돌리고 싶어 하는 서구 언론과 지식인, 정치인들의 입장을 전면적으로 거부하고, 그들의 근시안적이고 위선적인 해석으로 질타하며 보다 근원적이며 심층적인 원인을 찾고자 한다.",464쪽,Topic #1,0.8274167253119531
분노,천사의 분노,No book_explain exists,임상현 저자(글),좋은땅,2013년 03월 18일,something is wrong,0.0,https://contents.kyobobook.co.kr/sih/fit-in/200x0/pdt/9788964495704.jpg,,소설,임상현의 장편소설 『천사의 분노』. 출세를 위해 첫사랑과 가족까지 버린 한 남자의 이야기를 그리고 있다.,428쪽,Topic #3,0.6771161940994795
